powiat_code,powiat_name,year,total_crimes,total_population,area_km2,population_density,male_population,female_population,gender_ratio,age_15_29,age_30_49,age_50_69,population_change,population_change_pct,crime_rate_per_100k,crime_rate_per_1000,youth_ratio,middle_age_ratio,elderly_ratio,urbanization_category,population_size_category,crime_rate_change,crime_rate_change_pct,unemployment_rate,wage_index,unemployment_category,wage_category,social_risk_score
200000,DOLNOŚLĄSKIE,2024,123608.0,,,,,,,,,,,,,,,,,,,,,4.6,102.7,very_low,high,-2.3524987279772374
201000,Powiat bolesławiecki,2024,5482.0,87255.0,1303.0,66.96,42244.0,45011.0,93.85,13335.0,26699.0,22844.0,-387.0,-0.44,6282.73,62.83,0.1528,0.306,0.2618,rural,large,896.04,16.63,3.1,91.2,very_low,medium_high,-1.6100262866210844
202000,Powiat dzierżoniowski,2024,2663.0,93863.0,479.0,195.96,44496.0,49367.0,90.13,12763.0,27888.0,26141.0,-877.0,-0.93,2837.11,28.37,0.136,0.2971,0.2785,suburban,large,-471.9499999999998,-14.26,6.1,86.1,low,medium_low,-0.6069472246253602
203000,Powiat głogowski,2024,5633.0,84387.0,443.0,190.49,40823.0,43564.0,93.71,13021.0,25499.0,21205.0,-656.0,-0.77,6675.2,66.75,0.1543,0.3022,0.2513,suburban,large,1342.5999999999997,25.18,6.6,90.0,low,medium_low,-0.8603408235701946
204000,Powiat górowski,2024,1346.0,32054.0,738.0,43.43,15861.0,16193.0,97.95,5443.0,9125.0,8681.0,-405.0,-1.25,4199.16,41.99,0.1698,0.2847,0.2708,rural,medium,-341.9499999999998,-7.53,14.3,85.1,medium,medium_low,0.9890716120471068
205000,Powiat jaworski,2024,1414.0,46822.0,581.0,80.59,22913.0,23909.0,95.83,6949.0,13935.0,12966.0,-391.0,-0.83,3019.95,30.2,0.1484,0.2976,0.2769,rural,medium,-828.5700000000002,-21.53,9.8,93.0,low,medium_high,-0.5376824252944153
206000,Powiat karkonoski,2024,2740.0,59864.0,627.0,95.48,28854.0,31010.0,93.05,8632.0,18042.0,17124.0,-574.0,-0.95,4577.04,45.77,0.1442,0.3014,0.286,rural,medium,640.77,16.28,8.5,83.9,low,medium_low,0.02905748347473755
207000,Powiat kamiennogórski,2024,1214.0,39875.0,396.0,100.69,19396.0,20479.0,94.71,6155.0,11719.0,11206.0,-444.0,-1.1,3044.51,30.45,0.1544,0.2939,0.281,suburban,medium,-789.9099999999999,-20.6,7.4,83.0,low,medium_low,-0.09347744921522744
208000,Powiat kłodzki,2024,5022.0,145243.0,1643.0,88.4,69808.0,75435.0,92.54,20216.0,42819.0,40842.0,-1709.0,-1.16,3457.65,34.58,0.1392,0.2948,0.2812,rural,very_large,59.940000000000055,1.76,12.7,87.9,medium,medium_low,0.4470127701247133
209000,Powiat legnicki,2024,2346.0,54967.0,744.0,73.88,26882.0,28085.0,95.72,8434.0,16649.0,14632.0,-65.0,-0.12,4268.02,42.68,0.1534,0.3029,0.2662,rural,medium,690.1000000000004,19.29,7.0,88.6,low,medium_low,-0.6628468689153746
210000,Powiat lubański,2024,2372.0,50909.0,428.0,118.95,24611.0,26298.0,93.59,7708.0,15191.0,13822.0,-501.0,-0.97,4659.29,46.59,0.1514,0.2984,0.2715,suburban,medium,-880.4899999999998,-15.89,7.1,83.9,low,medium_low,-0.2283166485975809
211000,Powiat lubiński,2024,4586.0,102376.0,712.0,143.79,49109.0,53267.0,92.19,14612.0,30792.0,26179.0,-496.0,-0.48,4479.57,44.8,0.1427,0.3008,0.2557,suburban,very_large,-325.4300000000003,-6.77,4.0,158.4,very_low,high,-7.394578928156989
212000,Powiat lwówecki,2024,1724.0,42465.0,710.0,59.81,20703.0,21762.0,95.13,6345.0,12803.0,11762.0,-352.0,-0.82,4059.81,40.6,0.1494,0.3015,0.277,rural,medium,-492.1200000000004,-10.81,8.7,83.9,low,medium_low,0.06582521662792576
213000,Powiat milicki,2024,979.0,35396.0,715.0,49.5,17453.0,17943.0,97.27,5975.0,10392.0,8863.0,-207.0,-0.58,2765.85,27.66,0.1688,0.2936,0.2504,rural,medium,159.32999999999993,6.11,6.1,82.1,low,medium_low,-0.252780115058381
214000,Powiat oleśnicki,2024,2587.0,106706.0,1049.0,101.72,52074.0,54632.0,95.32,16313.0,33371.0,26354.0,190.0,0.18,2424.42,24.24,0.1529,0.3127,0.247,suburban,very_large,-780.73,-24.36,5.9,85.8,low,medium_low,-0.6171524245610251
215000,Powiat oławski,2024,1974.0,77387.0,524.0,147.69,37611.0,39776.0,94.56,11654.0,24178.0,19111.0,-41.0,-0.05,2550.82,25.51,0.1506,0.3124,0.247,suburban,large,-847.1799999999998,-24.93,4.3,90.9,very_low,medium_high,-1.3628573544844313
216000,Powiat polkowicki,2024,2940.0,60913.0,780.0,78.09,29958.0,30955.0,96.78,10007.0,18395.0,15667.0,-276.0,-0.45,4826.56,48.27,0.1643,0.302,0.2572,rural,large,-609.0599999999995,-11.2,4.2,95.3,very_low,medium_high,-1.7708250415847018
217000,Powiat strzeliński,2024,1477.0,41473.0,622.0,66.68,20408.0,21065.0,96.88,6265.0,12439.0,11137.0,-309.0,-0.74,3561.35,35.61,0.1511,0.2999,0.2685,rural,medium,-414.0500000000002,-10.42,10.5,94.9,medium,medium_high,-0.5772247363025719
218000,Powiat średzki,2024,2061.0,59713.0,704.0,84.82,29535.0,30178.0,97.87,9093.0,19571.0,14458.0,635.0,1.07,3451.51,34.52,0.1523,0.3278,0.2421,rural,medium,658.5900000000001,23.58,5.2,94.7,low,medium_high,-1.5338613093837137
219000,Powiat świdnicki,2024,4780.0,149312.0,741.0,201.5,71855.0,77457.0,92.77,21071.0,45597.0,40182.0,-1098.0,-0.73,3201.35,32.01,0.1411,0.3054,0.2691,suburban,very_large,-4.550000000000182,-0.14,6.3,89.3,low,medium_low,-0.8535131791257555
220000,Powiat trzebnicki,2024,2320.0,87765.0,1025.0,85.62,43006.0,44759.0,96.08,13664.0,27379.0,22264.0,130.0,0.15,2643.42,26.43,0.1557,0.312,0.2537,rural,large,-289.1999999999998,-9.86,5.2,90.3,low,medium_high,-1.144277488860036
221000,Powiat wałbrzyski,2024,2389.0,52275.0,430.0,121.57,25132.0,27143.0,92.59,7584.0,15872.0,14797.0,-381.0,-0.72,4570.06,45.7,0.1451,0.3036,0.2831,suburban,medium,1126.9600000000005,32.73,11.7,83.0,medium,medium_low,0.6970288135783216
222000,Powiat wołowski,2024,1326.0,45112.0,675.0,66.83,22058.0,23054.0,95.68,6613.0,13640.0,12214.0,-346.0,-0.76,2939.35,29.39,0.1466,0.3024,0.2707,rural,medium,-787.1700000000001,-21.12,10.5,109.6,medium,high,-1.8787888639612194
223000,Powiat wrocławski,2024,4877.0,191110.0,1118.0,170.94,93741.0,97369.0,96.27,27511.0,68754.0,39591.0,3957.0,2.11,2551.93,25.52,0.144,0.3598,0.2072,suburban,very_large,-163.5,-6.02,1.5,104.6,very_low,high,-3.090627968895971
224000,Powiat ząbkowicki,2024,1379.0,59803.0,802.0,74.57,28970.0,30833.0,93.96,8769.0,17689.0,16849.0,-759.0,-1.25,2305.9,23.06,0.1466,0.2958,0.2817,rural,medium,-61.92000000000007,-2.62,10.4,85.6,medium,medium_low,0.22782992686406167
225000,Powiat zgorzelecki,2024,4981.0,84337.0,839.0,100.52,40806.0,43531.0,93.74,12321.0,25651.0,23540.0,-802.0,-0.94,5906.07,59.06,0.1461,0.3041,0.2791,suburban,large,-234.48000000000047,-3.82,5.4,90.8,low,medium_high,-1.15178064440272
226000,Powiat złotoryjski,2024,1546.0,40213.0,576.0,69.81,19633.0,20580.0,95.4,5956.0,12206.0,11141.0,-403.0,-0.99,3844.53,38.45,0.1481,0.3035,0.277,rural,medium,-759.5700000000002,-16.5,13.9,93.7,medium,medium_high,0.15407686017172395
261000,Powiat m. Jelenia Góra,2024,5025.0,74194.0,109.0,680.68,34316.0,39878.0,86.05,9029.0,22146.0,20442.0,-930.0,-1.24,6772.78,67.73,0.1217,0.2985,0.2755,urban,large,-283.5500000000002,-4.02,4.1,95.9,very_low,medium_high,-1.8423339745963436
262000,Powiat m. Legnica,2024,7560.0,90823.0,56.0,1621.84,42739.0,48084.0,88.88,12153.0,27492.0,24412.0,-1125.0,-1.22,8323.88,83.24,0.1338,0.3027,0.2688,metro,large,735.8999999999996,9.7,4.7,91.9,very_low,medium_high,-1.3778636655697993
264000,Powiat m. Wrocław,2024,32669.0,672882.0,293.0,2296.53,316595.0,356287.0,88.86,98039.0,246198.0,137825.0,-861.0,-0.13,4855.09,48.55,0.1457,0.3659,0.2048,metro,very_large,-780.5900000000001,-13.85,1.7,109.2,very_low,high,-3.461152411744809
265000,Powiat m. Wałbrzych od 2013,2024,6196.0,98748.0,85.0,1161.74,46261.0,52487.0,88.14,12508.0,29335.0,28349.0,-1546.0,-1.54,6274.56,62.75,0.1267,0.2971,0.2871,metro,large,-1026.9699999999991,-14.07,5.1,100.3,low,high,-2.048079129354078
400000,KUJAWSKO-POMORSKIE,2024,60868.0,,,,,,,,,,,,,,,,,,,,,7.3,89.3,low,medium_low,-0.6696745133598138
401000,Powiat aleksandrowski,2024,1944.0,53086.0,475.0,111.76,25817.0,27269.0,94.68,8533.0,15290.0,14195.0,-372.0,-0.7,3661.98,36.62,0.1607,0.288,0.2674,suburban,medium,-661.0400000000004,-15.29,10.3,82.1,medium,medium_low,0.5193422811585744
402000,Powiat brodnicki,2024,1850.0,77345.0,1040.0,74.37,38356.0,38989.0,98.38,12898.0,23612.0,19023.0,-446.0,-0.57,2391.88,23.92,0.1668,0.3053,0.2459,rural,large,-83.98000000000002,-3.39,6.7,79.7,low,low,0.07002335014137095
403000,Powiat bydgoski,2024,2622.0,127915.0,1394.0,91.76,63373.0,64542.0,98.19,21262.0,40411.0,31859.0,934.0,0.74,2049.8,20.5,0.1662,0.3159,0.2491,rural,very_large,-234.79,-10.28,3.3,86.5,very_low,medium_low,-1.1571121997266955
404000,Powiat chełmiński,2024,2269.0,48715.0,527.0,92.44,23789.0,24926.0,95.44,8098.0,14653.0,12861.0,-408.0,-0.83,4657.7,46.58,0.1662,0.3008,0.264,rural,medium,2037.75,77.78,12.5,79.8,medium,low,1.1274334338446588
405000,Powiat golubsko-dobrzyński,2024,1454.0,42998.0,613.0,70.14,21273.0,21725.0,97.92,7394.0,12583.0,11083.0,-280.0,-0.65,3381.55,33.82,0.172,0.2926,0.2578,rural,medium,130.48000000000002,4.01,10.6,88.6,medium,medium_low,-0.0010276721579845494
406000,Powiat grudziądzki,2024,645.0,39123.0,729.0,53.67,19589.0,19534.0,100.28,6911.0,11439.0,10219.0,-14.0,-0.04,1648.65,16.49,0.1766,0.2924,0.2612,rural,medium,238.22000000000003,16.89,11.0,84.6,medium,medium_low,0.4266749037153714
407000,Powiat inowrocławski,2024,4933.0,149000.0,1225.0,121.63,71784.0,77216.0,92.97,22217.0,43976.0,41781.0,-1555.0,-1.03,3310.74,33.11,0.1491,0.2951,0.2804,suburban,very_large,-549.6400000000003,-14.24,10.7,85.6,medium,medium_low,0.282981526593844
408000,Powiat lipnowski,2024,1424.0,62058.0,1016.0,61.08,30799.0,31259.0,98.53,11109.0,18006.0,16137.0,-520.0,-0.83,2294.63,22.95,0.179,0.2901,0.26,rural,large,35.05000000000018,1.55,13.3,77.6,medium,low,1.469296276719251
409000,Powiat mogileński,2024,781.0,43209.0,675.0,64.01,21165.0,22044.0,96.01,6870.0,12416.0,11674.0,-368.0,-0.84,1807.49,18.07,0.159,0.2873,0.2702,rural,medium,-3.099999999999909,-0.17,9.6,83.6,low,medium_low,0.2578425490347978
410000,Powiat nakielski,2024,3187.0,82435.0,1120.0,73.6,40832.0,41603.0,98.15,13905.0,24717.0,21202.0,-439.0,-0.53,3866.08,38.66,0.1687,0.2998,0.2572,rural,large,-668.5100000000002,-14.74,10.2,87.6,medium,medium_low,0.013978638927383519
411000,Powiat radziejowski,2024,660.0,37331.0,607.0,61.5,18442.0,18889.0,97.63,5867.0,10418.0,10611.0,-481.0,-1.27,1767.97,17.68,0.1572,0.2791,0.2842,rural,medium,-14.529999999999973,-0.82,15.1,84.0,high,medium_low,1.2335384997907788
412000,Powiat rypiński,2024,1174.0,40798.0,587.0,69.5,20112.0,20686.0,97.23,6946.0,11631.0,10809.0,-387.0,-0.94,2877.59,28.78,0.1703,0.2851,0.2649,rural,medium,396.1000000000004,15.96,10.0,77.7,low,low,0.8537745019524682
413000,Powiat sępoleński,2024,876.0,38633.0,791.0,48.84,19256.0,19377.0,99.38,6714.0,11279.0,9886.0,-193.0,-0.5,2267.49,22.67,0.1738,0.292,0.2559,rural,medium,-357.0400000000004,-13.6,10.9,78.0,medium,low,0.9926667679242925
414000,Powiat świecki,2024,2424.0,94358.0,1474.0,64.01,46350.0,48008.0,96.55,15524.0,28003.0,24524.0,-473.0,-0.5,2568.94,25.69,0.1645,0.2968,0.2599,rural,large,-420.59000000000015,-14.07,6.4,87.6,low,medium_low,-0.6846082909831948
415000,Powiat toruński,2024,2371.0,114956.0,1230.0,93.46,57009.0,57947.0,98.38,19847.0,36937.0,27458.0,653.0,0.57,2062.53,20.63,0.1726,0.3213,0.2389,rural,very_large,-121.13999999999989,-5.55,8.3,83.3,low,medium_low,0.045414816756596976
416000,Powiat tucholski,2024,1010.0,46763.0,1075.0,43.5,23287.0,23476.0,99.19,7931.0,13355.0,12116.0,-154.0,-0.33,2159.83,21.6,0.1696,0.2856,0.2591,rural,medium,47.59000000000015,2.25,10.7,79.6,medium,low,0.8142321909443128
417000,Powiat wąbrzeski,2024,717.0,32155.0,501.0,64.18,15799.0,16356.0,96.59,5345.0,9361.0,8554.0,-265.0,-0.82,2229.82,22.3,0.1662,0.2911,0.266,rural,medium,628.9600000000003,39.29,11.0,84.1,medium,medium_low,0.47094579241124385
418000,Powiat włocławski,2024,1520.0,81591.0,1472.0,55.43,40378.0,41213.0,97.97,13354.0,23156.0,22834.0,-560.0,-0.68,1862.95,18.63,0.1637,0.2838,0.2799,rural,large,-1.9099999999998545,-0.1,13.2,81.4,medium,medium_low,1.1144536560540255
419000,Powiat żniński,2024,1712.0,67080.0,985.0,68.1,32983.0,34097.0,96.73,10910.0,19649.0,17535.0,-456.0,-0.68,2552.18,25.52,0.1626,0.2929,0.2614,rural,large,199.35999999999967,8.47,9.2,81.6,low,medium_low,0.36139063751191064
461000,Powiat m. Bydgoszcz,2024,12487.0,324043.0,176.0,1841.15,151214.0,172829.0,87.49,43913.0,101140.0,82123.0,-2391.0,-0.73,3853.5,38.54,0.1355,0.3121,0.2534,metro,very_large,-196.6300000000001,-4.85,2.3,97.9,very_low,medium_high,-2.3503271277585283
462000,Powiat m. Grudziądz,2024,3378.0,87696.0,58.0,1512.0,41550.0,46146.0,90.04,12380.0,26069.0,24008.0,-962.0,-1.09,3851.94,38.52,0.1412,0.2973,0.2738,metro,large,-550.3700000000003,-12.5,9.8,83.1,low,medium_low,0.3388811708838587
463000,Powiat m. Toruń,2024,7804.0,193717.0,116.0,1669.97,89991.0,103726.0,86.76,27305.0,62542.0,47798.0,-1054.0,-0.54,4028.56,40.29,0.141,0.3229,0.2467,metro,very_large,-683.1299999999997,-14.5,3.2,96.5,very_low,medium_high,-2.0609138402207376
464000,Powiat m. Włocławek,2024,3626.0,99474.0,85.0,1170.28,46289.0,53185.0,87.03,13601.0,28432.0,28411.0,-1333.0,-1.32,3645.17,36.45,0.1367,0.2858,0.2856,metro,large,-5191.52,-58.75,8.7,88.4,low,medium_low,-0.3326127816349259
600000,LUBELSKIE,2024,50713.0,,,,,,,,,,,,,,,,,,,,,7.4,90.0,low,medium_low,-0.7132698909574411
601000,Powiat bialski,2024,2297.0,104108.0,2754.0,37.8,51985.0,52123.0,99.74,18281.0,29155.0,27245.0,-741.0,-0.71,2206.36,22.06,0.1756,0.28,0.2617,rural,very_large,9.870000000000346,0.45,9.1,80.8,low,medium_low,0.41384019284871215
602000,Powiat biłgorajski,2024,1360.0,95219.0,1681.0,56.64,46840.0,48379.0,96.82,15685.0,27661.0,25155.0,-939.0,-0.98,1428.29,14.28,0.1647,0.2905,0.2642,rural,large,-171.16000000000008,-10.7,5.9,77.0,low,low,0.16201521648632888
603000,Powiat chełmski,2024,1375.0,73117.0,1881.0,38.87,36311.0,36806.0,98.66,12158.0,21606.0,19539.0,-588.0,-0.8,1880.55,18.81,0.1663,0.2955,0.2672,rural,large,-82.68000000000006,-4.21,12.4,80.2,medium,medium_low,1.0736328563113662
604000,Powiat hrubieszowski,2024,1250.0,55911.0,1270.0,44.02,27394.0,28517.0,96.06,8891.0,15424.0,15918.0,-872.0,-1.54,2235.7,22.36,0.159,0.2759,0.2847,rural,medium,-240.39000000000036,-9.71,15.3,85.1,high,medium_low,1.1729102778130485
605000,Powiat janowski,2024,589.0,42260.0,876.0,48.24,20919.0,21341.0,98.02,7260.0,11605.0,11538.0,-536.0,-1.25,1393.75,13.94,0.1718,0.2746,0.273,rural,medium,-106.3900000000001,-7.09,11.3,85.6,medium,medium_low,0.39328472605340925
606000,Powiat krasnostawski,2024,1295.0,58307.0,1032.0,56.5,28433.0,29874.0,95.18,8833.0,16442.0,15929.0,-734.0,-1.24,2221.0,22.21,0.1515,0.282,0.2732,rural,medium,-14.730000000000018,-0.66,13.4,84.8,medium,medium_low,0.8501793460752824
607000,Powiat kraśnicki,2024,1824.0,88198.0,1005.0,87.76,42765.0,45433.0,94.13,13892.0,25017.0,23789.0,-1017.0,-1.14,2068.07,20.68,0.1575,0.2836,0.2697,rural,large,-115.41999999999962,-5.29,10.4,78.8,medium,low,0.8299140131279261
608000,Powiat lubartowski,2024,1622.0,83385.0,1289.0,64.69,40826.0,42559.0,95.93,13870.0,24367.0,21549.0,-590.0,-0.7,1945.19,19.45,0.1663,0.2922,0.2584,rural,large,98.21000000000004,5.32,11.5,81.0,medium,medium_low,0.8373446352086231
609000,Powiat lubelski,2024,2700.0,165359.0,1680.0,98.43,81245.0,84114.0,96.59,27876.0,50012.0,40927.0,890.0,0.54,1632.81,16.33,0.1686,0.3024,0.2475,rural,very_large,-34.37000000000012,-2.06,5.5,80.1,low,medium_low,-0.18599975973445626
610000,Powiat łęczyński,2024,1504.0,55531.0,637.0,87.18,27219.0,28312.0,96.14,8892.0,17224.0,14179.0,-190.0,-0.34,2708.4,27.08,0.1601,0.3102,0.2553,rural,medium,314.3299999999999,13.13,5.3,120.1,low,high,-3.7644385885574367
611000,Powiat łukowski,2024,2117.0,100230.0,1394.0,71.9,49592.0,50638.0,97.93,17905.0,27860.0,24424.0,-729.0,-0.72,2112.14,21.12,0.1786,0.278,0.2437,rural,very_large,-630.56,-22.99,4.0,78.4,very_low,low,-0.3112367368174036
612000,Powiat opolski,2024,1401.0,55078.0,811.0,67.91,26804.0,28274.0,94.8,8914.0,15769.0,14527.0,-572.0,-1.03,2543.67,25.44,0.1618,0.2863,0.2638,rural,medium,195.05999999999997,8.31,9.5,81.6,low,medium_low,0.4165422372416933
613000,Powiat parczewski,2024,850.0,31832.0,952.0,33.44,15684.0,16148.0,97.13,5046.0,9102.0,8515.0,-391.0,-1.21,2670.27,26.7,0.1585,0.2859,0.2675,rural,medium,-38.9699999999998,-1.44,8.1,83.5,low,medium_low,-0.009061271874940796
614000,Powiat puławski,2024,2936.0,106181.0,934.0,113.68,50643.0,55538.0,91.19,16023.0,28924.0,29061.0,-839.0,-0.78,2765.09,27.65,0.1509,0.2724,0.2737,suburban,very_large,11.400000000000093,0.41,5.7,87.4,low,medium_low,-0.795587001541006
615000,Powiat radzyński,2024,1349.0,54531.0,965.0,56.51,27179.0,27352.0,99.37,9528.0,15101.0,14337.0,-490.0,-0.89,2473.82,24.74,0.1747,0.2769,0.2629,rural,medium,-6955.31,-73.76,7.0,83.4,low,medium_low,-0.2024296264783026
616000,Powiat rycki,2024,1481.0,50898.0,614.0,82.9,25082.0,25816.0,97.16,8441.0,13756.0,13380.0,-659.0,-1.28,2909.74,29.1,0.1658,0.2703,0.2629,rural,medium,-730.8900000000003,-20.08,6.7,82.4,low,medium_low,-0.1690394488163403
617000,Powiat świdnicki,2024,1346.0,68991.0,468.0,147.42,33105.0,35886.0,92.25,10096.0,20336.0,18000.0,-283.0,-0.41,1950.98,19.51,0.1463,0.2948,0.2609,suburban,large,-246.09000000000012,-11.2,7.2,92.2,low,medium_high,-0.9448295343724682
618000,Powiat tomaszowski,2024,1719.0,76155.0,1487.0,51.21,37419.0,38736.0,96.6,12051.0,21501.0,21359.0,-861.0,-1.12,2257.24,22.57,0.1582,0.2823,0.2805,rural,large,-722.6600000000003,-24.25,8.8,79.0,low,low,0.5180637924240703
619000,Powiat włodawski,2024,819.0,34989.0,1256.0,27.86,17346.0,17643.0,98.32,5439.0,9838.0,9675.0,-410.0,-1.16,2340.74,23.41,0.1554,0.2812,0.2765,rural,medium,247.4599999999996,11.82,15.1,83.3,high,medium_low,1.2955177439650003
620000,Powiat zamojski,2024,1999.0,100017.0,1870.0,53.49,49289.0,50728.0,97.16,16648.0,28372.0,27329.0,-736.0,-0.73,1998.66,19.99,0.1665,0.2837,0.2732,rural,very_large,352.0600000000002,21.38,10.6,76.6,medium,low,1.0614736565429532
661000,Powiat m. Biała Podlaska,2024,2296.0,53888.0,49.0,1099.76,25664.0,28224.0,90.93,8065.0,15812.0,14463.0,-565.0,-1.04,4260.69,42.61,0.1497,0.2934,0.2684,metro,medium,-128.42000000000007,-2.93,7.1,86.0,low,medium_low,-0.4142543811202445
662000,Powiat m. Chełm,2024,2212.0,56434.0,40.0,1410.85,26153.0,30281.0,86.37,7487.0,16335.0,16303.0,-780.0,-1.36,3919.62,39.2,0.1327,0.2895,0.2889,metro,medium,236.94999999999985,6.43,8.3,85.7,low,medium_low,-0.16708544898359107
663000,Powiat m. Lublin,2024,12632.0,328305.0,147.0,2233.37,151501.0,176804.0,85.69,47497.0,104507.0,78166.0,-1260.0,-0.38,3847.64,38.48,0.1447,0.3183,0.2381,metro,very_large,143.05999999999997,3.86,4.1,98.6,very_low,medium_high,-2.0813967735540535
664000,Powiat m. Zamość,2024,1740.0,57516.0,30.0,1917.2,26730.0,30786.0,86.83,7860.0,17061.0,15987.0,-715.0,-1.23,3025.25,30.25,0.1367,0.2966,0.278,metro,medium,-17.800000000000182,-0.58,8.0,90.7,low,medium_high,-0.6649459356720977
800000,LUBUSKIE,2024,38626.0,,,,,,,,,,,,,,,,,,,,,4.5,91.4,very_low,medium_high,-1.3703605100271155
801000,Powiat gorzowski,2024,1725.0,74079.0,1214.0,61.02,36799.0,37280.0,98.71,12168.0,23211.0,19072.0,182.0,0.25,2328.6,23.29,0.1643,0.3133,0.2575,rural,large,-800.0799999999999,-25.57,3.6,95.3,very_low,medium_high,-1.8811282410442667
802000,Powiat krośnieński,2024,1633.0,52187.0,1390.0,37.54,25580.0,26607.0,96.14,8193.0,15977.0,13831.0,-530.0,-1.01,3129.13,31.29,0.157,0.3061,0.265,rural,medium,-395.3499999999999,-11.22,5.7,87.9,low,medium_low,-0.8398578902368784
803000,Powiat międzyrzecki,2024,2188.0,54439.0,1388.0,39.22,26670.0,27769.0,96.04,8232.0,16369.0,14496.0,-400.0,-0.73,4019.18,40.19,0.1512,0.3007,0.2663,rural,medium,474.25999999999976,13.38,7.3,89.3,low,medium_low,-0.6696745133598138
804000,Powiat nowosolski,2024,3102.0,81809.0,774.0,105.7,39732.0,42077.0,94.43,12872.0,24520.0,20994.0,-472.0,-0.57,3791.76,37.92,0.1573,0.2997,0.2566,suburban,large,-459.52999999999975,-10.81,6.0,88.7,low,medium_low,-0.8555397124204915
805000,Powiat słubicki,2024,1943.0,45679.0,999.0,45.72,22287.0,23392.0,95.28,7361.0,14369.0,12106.0,-175.0,-0.38,4253.6,42.54,0.1611,0.3146,0.265,rural,medium,-5289.73,-55.43,2.3,86.7,very_low,medium_low,-1.3586592209709862
806000,Powiat strzelecko-drezdenecki,2024,1513.0,46204.0,1248.0,37.02,22740.0,23464.0,96.91,7357.0,13548.0,12343.0,-454.0,-0.97,3274.61,32.75,0.1592,0.2932,0.2671,rural,medium,334.05999999999995,11.36,10.0,86.4,low,medium_low,0.08346103864428808
807000,Powiat sulęciński,2024,1297.0,33191.0,1178.0,28.18,16572.0,16619.0,99.72,5178.0,10242.0,8699.0,-304.0,-0.91,3907.69,39.08,0.156,0.3086,0.2621,rural,medium,-191.42999999999984,-4.67,4.4,79.7,very_low,low,-0.3528055811202949
808000,Powiat świebodziński,2024,2821.0,53609.0,937.0,57.21,26269.0,27340.0,96.08,8331.0,16205.0,13939.0,-352.0,-0.65,5262.18,52.62,0.1554,0.3023,0.26,rural,medium,1717.0300000000002,48.43,2.2,90.6,very_low,medium_high,-1.7223560193753844
809000,Powiat zielonogórski,2024,2107.0,74754.0,1351.0,55.33,36845.0,37909.0,97.19,11507.0,23409.0,19088.0,-323.0,-0.43,2818.58,28.19,0.1539,0.3131,0.2553,rural,large,-545.9700000000003,-16.23,6.7,91.5,low,medium_high,-0.9747696230812175
810000,Powiat żagański,2024,3004.0,72933.0,1131.0,64.49,35525.0,37408.0,94.97,11265.0,21697.0,19924.0,-671.0,-0.91,4118.85,41.19,0.1545,0.2975,0.2732,rural,large,-499.1099999999997,-10.81,5.3,83.0,low,medium_low,-0.4795386473237051
811000,Powiat żarski,2024,2941.0,90364.0,1393.0,64.87,43705.0,46659.0,93.67,14226.0,27436.0,24082.0,-846.0,-0.93,3254.61,32.55,0.1574,0.3036,0.2665,rural,large,-503.75,-13.4,5.3,93.1,low,medium_high,-1.373810598980327
812000,Powiat wschowski,2024,1211.0,37002.0,624.0,59.3,18220.0,18782.0,97.01,6160.0,10926.0,9547.0,-249.0,-0.67,3272.8,32.73,0.1665,0.2953,0.258,rural,medium,-418.37999999999965,-11.33,7.5,82.8,low,medium_low,-0.05738522716028416
861000,Powiat m. Gorzów Wielkopolski,2024,6772.0,114700.0,86.0,1333.72,53860.0,60840.0,88.53,15694.0,35950.0,29565.0,-547.0,-0.47,5904.1,59.04,0.1368,0.3134,0.2578,metro,very_large,966.0100000000002,19.56,2.4,88.6,very_low,medium_low,-1.5085047314387063
862000,Powiat m. Zielona Góra,2024,6369.0,138869.0,275.0,504.98,65667.0,73202.0,89.71,19070.0,45182.0,33535.0,-63.0,-0.05,4586.34,45.86,0.1373,0.3254,0.2415,urban,very_large,-292.3099999999995,-5.99,3.0,100.6,very_low,high,-2.460702860680079
1000000,ŁÓDZKIE,2024,72681.0,,,,,,,,,,,,,,,,,,,,,5.4,93.8,low,medium_high,-1.4174059765779545
1001000,Powiat bełchatowski,2024,3192.0,108003.0,968.0,111.57,52716.0,55287.0,95.35,15864.0,33083.0,29028.0,-596.0,-0.55,2955.47,29.55,0.1469,0.3063,0.2688,suburban,very_large,104.61999999999988,3.67,4.6,119.5,very_low,high,-3.8400005881585497
1002000,Powiat kutnowski,2024,2780.0,89709.0,887.0,101.14,42965.0,46744.0,91.92,12835.0,25289.0,25675.0,-962.0,-1.06,3098.91,30.99,0.1431,0.2819,0.2862,suburban,large,-122.63000000000012,-3.81,7.7,87.6,low,medium_low,-0.44561802548747054
1003000,Powiat łaski,2024,1662.0,48498.0,618.0,78.48,23575.0,24923.0,94.59,7237.0,14222.0,13118.0,-244.0,-0.5,3426.95,34.27,0.1492,0.2932,0.2705,rural,medium,1010.14,41.8,8.0,80.3,low,medium_low,0.25588854920204873
1004000,Powiat łęczycki,2024,1111.0,46137.0,773.0,59.69,22439.0,23698.0,94.69,7144.0,12695.0,12798.0,-529.0,-1.13,2408.05,24.08,0.1548,0.2752,0.2774,rural,medium,-118.40999999999984,-4.69,5.4,91.7,low,medium_high,-1.2314682440552909
1005000,Powiat łowicki,2024,1886.0,73368.0,988.0,74.26,35446.0,37922.0,93.47,11536.0,20667.0,19664.0,-641.0,-0.87,2570.6,25.71,0.1572,0.2817,0.268,rural,large,-908.71,-26.12,4.6,83.5,very_low,medium_low,-0.6524966020557367
1006000,Powiat łódzki wschodni,2024,1712.0,75149.0,500.0,150.3,36119.0,39030.0,92.54,11571.0,22171.0,19985.0,443.0,0.59,2278.14,22.78,0.154,0.295,0.2659,suburban,large,-617.21,-21.32,5.5,85.9,low,medium_low,-0.6995420686065772
1007000,Powiat opoczyński,2024,1570.0,71234.0,1040.0,68.49,35088.0,36146.0,97.07,12184.0,19726.0,18680.0,-542.0,-0.76,2204.0,22.04,0.171,0.2769,0.2622,rural,large,70.98000000000002,3.33,8.6,83.9,low,medium_low,0.047441350051331654
1008000,Powiat pabianicki,2024,5243.0,118704.0,492.0,241.27,56051.0,62653.0,89.46,16431.0,35969.0,31248.0,-362.0,-0.3,4416.87,44.17,0.1384,0.303,0.2632,suburban,very_large,2012.32,83.69,6.0,85.7,low,medium_low,-0.5899143802452571
1009000,Powiat pajęczański,2024,671.0,48086.0,804.0,59.81,23875.0,24211.0,98.61,7697.0,13459.0,13141.0,-489.0,-1.01,1395.42,13.95,0.1601,0.2799,0.2733,rural,medium,-183.57999999999996,-11.63,8.0,83.1,low,medium_low,0.00797157250516356
1010000,Powiat piotrkowski,2024,1656.0,89717.0,1429.0,62.78,44171.0,45546.0,96.98,15427.0,25967.0,22874.0,-404.0,-0.45,1845.8,18.46,0.172,0.2894,0.255,rural,large,-169.26999999999998,-8.4,6.6,80.6,low,medium_low,-0.028048116087792896
1011000,Powiat poddębicki,2024,1031.0,39169.0,881.0,44.46,19369.0,19800.0,97.82,5934.0,11012.0,10668.0,-187.0,-0.48,2632.18,26.32,0.1515,0.2811,0.2724,rural,medium,30.289999999999964,1.16,7.1,110.3,low,high,-2.565819571739643
1012000,Powiat radomszczański,2024,2661.0,105623.0,1443.0,73.2,51679.0,53944.0,95.8,16459.0,29772.0,29085.0,-1048.0,-0.98,2519.34,25.19,0.1558,0.2819,0.2754,rural,very_large,81.94000000000005,3.36,5.0,81.6,very_low,medium_low,-0.4107317587050443
1013000,Powiat rawski,2024,1228.0,45664.0,646.0,70.69,22484.0,23180.0,97.0,7168.0,12996.0,12009.0,-418.0,-0.91,2689.21,26.89,0.157,0.2846,0.263,rural,medium,-1106.1999999999998,-29.15,2.9,83.2,very_low,medium_low,-0.9384598006403144
1014000,Powiat sieradzki,2024,2857.0,110665.0,1491.0,74.22,53950.0,56715.0,95.12,17705.0,31096.0,29952.0,-812.0,-0.73,2581.67,25.82,0.16,0.281,0.2707,rural,very_large,-5349.11,-67.45,5.2,86.0,low,medium_low,-0.7635478460755336
1015000,Powiat skierniewicki,2024,611.0,37670.0,753.0,50.03,18748.0,18922.0,99.08,6222.0,10935.0,9459.0,-117.0,-0.31,1621.98,16.22,0.1652,0.2903,0.2511,rural,medium,2.380000000000109,0.15,3.9,80.4,very_low,medium_low,-0.5067041581774875
1016000,Powiat tomaszowski,2024,4178.0,109588.0,1025.0,106.92,52402.0,57186.0,91.63,17055.0,31142.0,28985.0,-1046.0,-0.95,3812.46,38.12,0.1556,0.2842,0.2645,suburban,very_large,-312.8500000000004,-7.58,8.0,86.0,low,medium_low,-0.24879958193089688
1017000,Powiat wieluński,2024,1639.0,72013.0,926.0,77.77,35105.0,36908.0,95.11,11540.0,20368.0,19390.0,-573.0,-0.79,2275.98,22.76,0.1602,0.2828,0.2693,rural,large,278.3499999999999,13.93,5.7,82.2,low,medium_low,-0.33516975910393276
1018000,Powiat wieruszowski,2024,830.0,41295.0,577.0,71.57,20407.0,20888.0,97.7,6905.0,12191.0,10582.0,-157.0,-0.38,2009.93,20.1,0.1672,0.2952,0.2563,rural,medium,-221.56999999999996,-9.93,4.7,76.7,very_low,low,-0.03202864921527804
1019000,Powiat zduńskowolski,2024,1582.0,62876.0,369.0,170.4,30388.0,32488.0,93.54,9547.0,18425.0,16747.0,-450.0,-0.71,2516.06,25.16,0.1518,0.293,0.2663,suburban,large,-1657.5800000000004,-39.72,7.0,82.5,low,medium_low,-0.12274202682573176
1020000,Powiat zgierski,2024,4277.0,165840.0,855.0,193.96,79097.0,86743.0,91.19,24283.0,48993.0,44084.0,-500.0,-0.3,2578.99,25.79,0.1464,0.2954,0.2658,suburban,very_large,-343.34000000000015,-11.75,5.4,90.0,low,medium_low,-1.0809472224893244
1021000,Powiat brzeziński,2024,655.0,30080.0,359.0,83.79,14521.0,15559.0,93.33,4634.0,8856.0,7895.0,-79.0,-0.26,2177.53,21.78,0.1541,0.2944,0.2625,rural,medium,-97.07999999999991,-4.27,7.0,82.1,low,medium_low,-0.08732531586903336
1061000,Powiat m. Łódź,2024,25542.0,645693.0,293.0,2203.73,294857.0,350836.0,84.04,84229.0,201122.0,163647.0,-6322.0,-0.97,3955.75,39.56,0.1304,0.3115,0.2534,metro,very_large,-160.10999999999967,-3.89,4.5,99.9,very_low,medium_high,-2.1229656178569463
1062000,Powiat m. Piotrków Trybunalski,2024,2673.0,66022.0,67.0,985.4,30851.0,35171.0,87.72,9667.0,18984.0,17506.0,-497.0,-0.75,4048.65,40.49,0.1464,0.2875,0.2652,urban,large,-757.4999999999995,-15.76,5.5,83.5,low,medium_low,-0.4870418028663891
1063000,Powiat m. Skierniewice,2024,1434.0,45121.0,35.0,1289.17,21384.0,23737.0,90.09,6492.0,13045.0,11912.0,-63.0,-0.14,3178.12,31.78,0.1439,0.2891,0.264,metro,medium,-568.7800000000002,-15.18,4.4,89.6,very_low,medium_low,-1.2293691772985678
1200000,MAŁOPOLSKIE,2024,120607.0,,,,,,,,,,,,,,,,,,,,,4.2,102.2,very_low,high,-2.3817633055877416
1201000,Powiat bocheński,2024,4577.0,106985.0,649.0,164.85,52765.0,54220.0,97.32,18004.0,32290.0,25386.0,39.0,0.04,4278.17,42.78,0.1683,0.3018,0.2373,suburban,very_large,1964.85,84.94,2.4,82.3,very_low,medium_low,-0.9506915338707144
1202000,Powiat brzeski,2024,4584.0,91340.0,591.0,154.55,45165.0,46175.0,97.81,15629.0,27248.0,22697.0,-330.0,-0.36,5018.61,50.19,0.1711,0.2983,0.2485,suburban,large,1065.2999999999995,26.95,5.0,80.6,very_low,medium_low,-0.32218998131329946
1203000,Powiat chrzanowski,2024,4428.0,117756.0,370.0,318.26,56761.0,60995.0,93.06,16421.0,34999.0,32711.0,-928.0,-0.78,3760.32,37.6,0.1394,0.2972,0.2778,urban,very_large,-3021.55,-44.55,6.3,92.1,low,medium_high,-1.1014301558226407
1204000,Powiat dąbrowski,2024,1421.0,57253.0,530.0,108.02,28401.0,28852.0,98.44,9411.0,17582.0,14720.0,-297.0,-0.52,2481.97,24.82,0.1644,0.3071,0.2571,suburban,medium,-447.6600000000003,-15.28,11.4,83.0,medium,medium_low,0.6418772138485394
1205000,Powiat gorlicki,2024,2281.0,104592.0,966.0,108.27,51703.0,52889.0,97.76,17644.0,30086.0,27072.0,-730.0,-0.69,2180.86,21.81,0.1687,0.2877,0.2588,suburban,very_large,-147.23999999999978,-6.32,6.3,77.7,low,low,0.1735714386184838
1206000,Powiat krakowski,2024,4415.0,304278.0,1230.0,247.38,149301.0,154977.0,96.34,47800.0,96175.0,73438.0,1931.0,0.64,1450.98,14.51,0.1571,0.3161,0.2414,suburban,very_large,-117.42000000000009,-7.49,4.3,94.0,very_low,medium_high,-1.6373368643988397
1207000,Powiat limanowski,2024,2035.0,131626.0,951.0,138.41,65730.0,65896.0,99.75,25500.0,37251.0,30230.0,-28.0,-0.02,1546.05,15.46,0.1937,0.283,0.2297,suburban,very_large,-76.38000000000011,-4.71,7.1,80.2,low,medium_low,0.09928792775187506
1208000,Powiat miechowski,2024,1153.0,46305.0,676.0,68.5,22689.0,23616.0,96.07,7024.0,13246.0,11959.0,-362.0,-0.78,2490.01,24.9,0.1517,0.2861,0.2583,rural,medium,-362.1099999999997,-12.7,5.2,84.4,low,medium_low,-0.6218810022487424
1209000,Powiat myślenicki,2024,2346.0,129984.0,673.0,193.14,64391.0,65593.0,98.17,22761.0,39483.0,30894.0,141.0,0.11,1804.84,18.05,0.1751,0.3038,0.2377,suburban,very_large,323.04999999999995,21.8,3.1,84.1,very_low,medium_low,-0.9813796671396955
1210000,Powiat nowosądecki,2024,23023.0,214876.0,1550.0,138.63,107039.0,107837.0,99.26,41158.0,61313.0,50757.0,-158.0,-0.07,10714.55,107.15,0.1915,0.2853,0.2362,suburban,very_large,7816.4,269.7,7.8,79.1,low,low,0.32537094891895435
1211000,Powiat nowotarski,2024,4871.0,189984.0,1475.0,128.8,92781.0,97203.0,95.45,33949.0,56305.0,46422.0,-123.0,-0.06,2563.9,25.64,0.1787,0.2964,0.2443,suburban,very_large,531.3600000000001,26.14,4.8,79.8,very_low,low,-0.28812429255309224
1212000,Powiat olkuski,2024,3363.0,105000.0,618.0,169.9,50904.0,54096.0,94.1,15186.0,30768.0,28391.0,-900.0,-0.85,3202.86,32.03,0.1446,0.293,0.2704,suburban,very_large,687.2800000000002,27.32,6.7,86.8,low,medium_low,-0.5586232693400167
1213000,Powiat oświęcimski,2024,4943.0,147678.0,406.0,363.74,71484.0,76194.0,93.82,22209.0,43637.0,39342.0,-737.0,-0.5,3347.15,33.47,0.1504,0.2955,0.2664,urban,very_large,585.3000000000002,21.19,4.7,86.8,very_low,medium_low,-0.9263006008719001
1214000,Powiat proszowicki,2024,605.0,41929.0,415.0,101.03,20666.0,21263.0,97.19,6755.0,12400.0,10776.0,-76.0,-0.18,1442.92,14.43,0.1611,0.2957,0.257,suburban,medium,431.1400000000001,42.61,5.5,86.4,low,medium_low,-0.7438129573024496
1215000,Powiat suski,2024,2091.0,82546.0,686.0,120.33,40709.0,41837.0,97.3,14667.0,24099.0,20487.0,-340.0,-0.41,2533.13,25.33,0.1777,0.2919,0.2482,suburban,large,706.5200000000002,38.68,4.4,82.2,very_low,medium_low,-0.574160024599657
1216000,Powiat tarnowski,2024,4542.0,197119.0,1412.0,139.6,97798.0,99321.0,98.47,34176.0,58396.0,50347.0,-216.0,-0.11,2304.19,23.04,0.1734,0.2962,0.2554,suburban,very_large,857.9200000000001,59.32,6.7,77.5,low,low,0.2648152604032098
1217000,Powiat tatrzański,2024,2436.0,66346.0,472.0,140.56,31975.0,34371.0,93.03,10735.0,19924.0,16519.0,-132.0,-0.2,3671.66,36.72,0.1618,0.3003,0.249,suburban,large,-260.47000000000025,-6.62,8.0,86.0,low,medium_low,-0.24879958193089688
1218000,Powiat wadowicki,2024,3422.0,157099.0,646.0,243.19,77078.0,80021.0,96.32,26262.0,46791.0,39761.0,-374.0,-0.24,2178.24,21.78,0.1672,0.2978,0.2531,suburban,very_large,-737.8200000000002,-25.3,5.6,81.4,low,medium_low,-0.2827202037671315
1219000,Powiat wielicki,2024,2433.0,145276.0,411.0,353.47,71326.0,73950.0,96.45,22595.0,48633.0,32553.0,1648.0,1.15,1674.74,16.75,0.1555,0.3348,0.2241,urban,very_large,-377.0899999999999,-18.38,3.5,92.7,very_low,medium_high,-1.669303486402325
1261000,Powiat m. Kraków,2024,33844.0,809168.0,327.0,2474.52,377912.0,431256.0,87.63,119020.0,291845.0,170225.0,2967.0,0.37,4182.57,41.83,0.1471,0.3607,0.2104,metro,very_large,-818.79,-16.37,2.0,121.1,very_low,high,-4.459647962976789
1262000,Powiat m. Nowy Sącz,2024,3248.0,79821.0,58.0,1376.22,38070.0,41751.0,91.18,12177.0,23788.0,20368.0,-537.0,-0.67,4069.1,40.69,0.1526,0.298,0.2552,metro,large,-616.1799999999998,-13.15,3.5,84.4,very_low,medium_low,-0.9344067340508435
1263000,Powiat m. Tarnów,2024,4546.0,102123.0,72.0,1418.38,47927.0,54196.0,88.43,13537.0,30681.0,27736.0,-1006.0,-0.98,4451.49,44.51,0.1326,0.3004,0.2716,metro,very_large,-2146.0700000000006,-32.53,4.2,97.9,very_low,medium_high,-2.001033662803239
1400000,MAZOWIECKIE,2024,195966.0,,,,,,,,,,,,,,,,,,,,,4.0,116.1,very_low,high,-3.6492617444861817
1401000,Powiat białobrzeski,2024,706.0,32350.0,639.0,50.63,16290.0,16060.0,101.43,5766.0,9279.0,7973.0,-170.0,-0.52,2182.38,21.82,0.1782,0.2868,0.2465,rural,medium,-142.3399999999997,-6.12,7.7,84.5,low,medium_low,-0.17113851557306217
1402000,Powiat ciechanowski,2024,1970.0,84565.0,1060.0,79.78,41476.0,43089.0,96.26,13271.0,24159.0,23006.0,-602.0,-0.71,2329.57,23.3,0.1569,0.2857,0.2721,rural,large,-449.67999999999984,-16.18,8.3,91.5,low,medium_high,-0.6806277578557107
1403000,Powiat garwoliński,2024,2479.0,105213.0,1285.0,81.88,52143.0,53070.0,98.25,18494.0,30158.0,24970.0,-297.0,-0.28,2356.17,23.56,0.1758,0.2866,0.2373,rural,very_large,393.32000000000016,20.04,8.6,87.2,low,medium_low,-0.24474651534142597
1404000,Powiat gostyniński,2024,754.0,41756.0,615.0,67.9,20247.0,21509.0,94.13,6532.0,11847.0,11606.0,-482.0,-1.14,1805.73,18.06,0.1564,0.2837,0.2779,rural,medium,-332.15999999999985,-15.54,11.2,88.6,medium,medium_low,0.10927552730158041
1405000,Powiat grodziski,2024,2484.0,106973.0,367.0,291.48,51604.0,55369.0,93.2,16241.0,33624.0,25309.0,1266.0,1.2,2322.08,23.22,0.1518,0.3143,0.2366,suburban,very_large,-397.7000000000003,-14.62,2.6,103.3,very_low,high,-2.773301125944167
1406000,Powiat grójecki,2024,3491.0,96662.0,1268.0,76.23,47516.0,49146.0,96.68,15264.0,28154.0,24741.0,-367.0,-0.38,3611.55,36.12,0.1579,0.2913,0.256,rural,large,460.9500000000003,14.63,2.6,93.7,very_low,medium_high,-1.9233000629834174
1407000,Powiat kozienicki,2024,1389.0,56754.0,916.0,61.96,27868.0,28886.0,96.48,8980.0,15763.0,15230.0,-399.0,-0.7,2447.4,24.47,0.1582,0.2777,0.2684,rural,medium,-28.40999999999985,-1.15,9.4,112.2,low,high,-2.3112200175222926
1408000,Powiat legionowski,2024,4033.0,133097.0,391.0,340.4,64296.0,68801.0,93.45,20909.0,43032.0,30444.0,1250.0,0.95,3030.12,30.3,0.1571,0.3233,0.2287,urban,very_large,-182.69000000000003,-5.69,5.6,91.7,low,medium_high,-1.1947005109021027
1409000,Powiat lipski,2024,620.0,31251.0,740.0,42.23,15467.0,15784.0,97.99,4754.0,8430.0,8743.0,-310.0,-0.98,1983.94,19.84,0.1521,0.2698,0.2798,rural,medium,124.04999999999995,6.67,12.9,88.7,medium,medium_low,0.4129470813645063
1410000,Powiat łosicki,2024,573.0,28338.0,772.0,36.71,14204.0,14134.0,100.5,4549.0,7682.0,7518.0,-290.0,-1.01,2022.02,20.22,0.1605,0.2711,0.2653,rural,small,-748.0,-27.0,4.9,84.8,very_low,medium_low,-0.7124493129352221
1411000,Powiat makowski,2024,921.0,41254.0,1065.0,38.74,20515.0,20739.0,98.92,7143.0,11107.0,11058.0,-482.0,-1.15,2232.51,22.33,0.1731,0.2692,0.268,rural,medium,-1040.4399999999996,-31.79,15.9,86.1,high,medium_low,1.1946716998808686
1412000,Powiat miński,2024,3001.0,159535.0,1164.0,137.06,77918.0,81617.0,95.47,25984.0,48713.0,38077.0,147.0,0.09,1881.09,18.81,0.1629,0.3053,0.2387,suburban,very_large,-135.37000000000012,-6.71,4.2,87.8,very_low,medium_low,-1.1067617111466157
1413000,Powiat mławski,2024,2225.0,68556.0,1182.0,58.0,33605.0,34951.0,96.15,11566.0,19650.0,18050.0,-518.0,-0.75,3245.52,32.46,0.1687,0.2866,0.2633,rural,large,-292.71000000000004,-8.27,6.0,83.0,low,medium_low,-0.3508515812875459
1414000,Powiat nowodworski,2024,2499.0,79351.0,695.0,114.17,38856.0,40495.0,95.95,12318.0,24246.0,20381.0,-220.0,-0.28,3149.3,31.49,0.1552,0.3056,0.2568,suburban,large,-353.23,-10.08,5.2,109.0,low,high,-2.8000087260856645
1415000,Powiat ostrołęcki,2024,15828.0,87397.0,2093.0,41.76,44270.0,43127.0,102.65,16090.0,25419.0,22000.0,-97.0,-0.11,18110.46,181.1,0.1841,0.2908,0.2517,rural,large,16088.61,795.74,8.9,84.2,low,medium_low,0.07603041656359111
1416000,Powiat ostrowski,2024,1579.0,67854.0,1218.0,55.71,33392.0,34462.0,96.9,11517.0,18716.0,17951.0,-558.0,-0.82,2327.06,23.27,0.1697,0.2758,0.2646,rural,large,-214.88999999999987,-8.45,8.6,84.1,low,medium_low,0.0297329945729837
1417000,Powiat otwocki,2024,3621.0,126669.0,616.0,205.63,60821.0,65848.0,92.37,19320.0,36936.0,32010.0,-110.0,-0.09,2858.63,28.59,0.1525,0.2916,0.2527,suburban,very_large,-432.9200000000001,-13.15,3.3,96.5,very_low,medium_high,-2.0425299736441436
1418000,Powiat piaseczyński,2024,6076.0,217738.0,621.0,350.62,105012.0,112726.0,93.16,33775.0,71391.0,49858.0,2650.0,1.23,2790.51,27.91,0.1551,0.3279,0.229,urban,very_large,-282.1899999999996,-9.18,3.4,96.5,very_low,medium_high,-2.024146107067549
1419000,Powiat płocki,2024,1782.0,109144.0,1797.0,60.74,54180.0,54964.0,98.57,18562.0,31990.0,28743.0,-387.0,-0.35,1632.71,16.33,0.1701,0.2931,0.2633,rural,very_large,-171.3499999999999,-9.5,9.9,86.4,low,medium_low,0.06507717206769398
1420000,Powiat płoński,2024,2381.0,83436.0,1380.0,60.46,40953.0,42483.0,96.4,13943.0,23894.0,21949.0,-570.0,-0.68,2853.68,28.54,0.1671,0.2864,0.2631,rural,large,-4366.040000000001,-60.47,9.5,87.3,low,medium_low,-0.08814589389125235
1421000,Powiat pruszkowski,2024,5302.0,181026.0,246.0,735.88,86561.0,94465.0,91.63,26048.0,57888.0,42397.0,1359.0,0.76,2928.86,29.29,0.1439,0.3198,0.2342,urban,very_large,-201.92999999999984,-6.45,2.1,107.6,very_low,high,-3.2459501016116405
1422000,Powiat przasnyski,2024,1483.0,48615.0,1219.0,39.88,24243.0,24372.0,99.47,8419.0,13465.0,12647.0,-422.0,-0.86,3050.5,30.5,0.1732,0.277,0.2601,rural,medium,-183.79,-5.68,9.2,86.2,low,medium_low,-0.0459015384901162
1423000,Powiat przysuski,2024,779.0,38291.0,802.0,47.74,18983.0,19308.0,98.32,6437.0,10290.0,10548.0,-330.0,-0.85,2034.42,20.34,0.1681,0.2687,0.2755,rural,medium,366.93000000000006,22.0,17.9,88.6,high,medium_low,1.3409945879333898
1424000,Powiat pułtuski,2024,1940.0,50163.0,827.0,60.66,24795.0,25368.0,97.74,8497.0,14561.0,12856.0,-148.0,-0.29,3867.39,38.67,0.1694,0.2903,0.2563,rural,medium,603.69,18.5,13.2,84.0,medium,medium_low,0.8842450348354893
1425000,Powiat radomski,2024,2846.0,151367.0,1530.0,98.93,75009.0,76358.0,98.23,26717.0,45270.0,37188.0,36.0,0.02,1880.2,18.8,0.1765,0.2991,0.2457,rural,very_large,-138.54999999999995,-6.86,16.1,83.7,high,medium_low,1.443939698774244
1426000,Powiat siedlecki,2024,1160.0,80446.0,1603.0,50.18,40273.0,40173.0,100.25,14316.0,22990.0,19466.0,5.0,0.01,1441.96,14.42,0.178,0.2858,0.242,rural,large,-277.30999999999995,-16.13,4.8,82.2,very_low,medium_low,-0.5006245582932803
1427000,Powiat sierpecki,2024,1102.0,47742.0,852.0,56.04,23558.0,24184.0,97.41,8200.0,13341.0,13005.0,-517.0,-1.07,2308.24,23.08,0.1718,0.2794,0.2724,rural,medium,221.57999999999996,10.62,11.6,85.1,medium,medium_low,0.49270721447906396
1428000,Powiat sochaczewski,2024,3276.0,82854.0,735.0,112.73,40245.0,42609.0,94.45,12986.0,24594.0,21344.0,-320.0,-0.38,3953.94,39.54,0.1567,0.2968,0.2576,suburban,large,-921.3799999999997,-18.9,2.7,105.2,very_low,high,-2.9231466364118885
1429000,Powiat sokołowski,2024,1227.0,49551.0,1131.0,43.81,24591.0,24960.0,98.52,7937.0,13368.0,13440.0,-513.0,-1.02,2476.24,24.76,0.1602,0.2698,0.2712,rural,medium,-599.8200000000002,-19.5,5.2,85.2,low,medium_low,-0.692714424162138
1430000,Powiat szydłowiecki,2024,854.0,37244.0,452.0,82.4,18504.0,18740.0,98.74,6331.0,10923.0,9654.0,-256.0,-0.68,2292.99,22.93,0.17,0.2933,0.2592,rural,medium,148.98999999999978,6.95,23.3,80.5,high,medium_low,3.050911779942608
1432000,Powiat warszawski zachodni,2024,3899.0,136493.0,534.0,255.6,66139.0,70354.0,94.01,20614.0,42805.0,32762.0,1277.0,0.94,2856.56,28.57,0.151,0.3136,0.24,suburban,very_large,161.61000000000013,6.0,1.6,105.7,very_low,high,-3.1696400574502968
1433000,Powiat węgrowski,2024,1404.0,61472.0,1220.0,50.39,30549.0,30923.0,98.79,10085.0,17004.0,15666.0,-436.0,-0.7,2283.97,22.84,0.1641,0.2766,0.2548,rural,large,-636.4900000000002,-21.79,5.0,88.4,very_low,medium_low,-1.01281584496891
1434000,Powiat wołomiński,2024,8847.0,277725.0,954.0,291.12,134651.0,143074.0,94.11,44827.0,92931.0,60858.0,1854.0,0.67,3185.53,31.86,0.1614,0.3346,0.2191,suburban,very_large,-887.75,-21.79,5.3,92.2,low,medium_high,-1.2941229993277577
1435000,Powiat wyszkowski,2024,2134.0,73179.0,877.0,83.44,36236.0,36943.0,98.09,12356.0,21485.0,18258.0,-262.0,-0.36,2916.14,29.16,0.1688,0.2936,0.2495,rural,large,147.92999999999984,5.34,3.5,85.2,very_low,medium_low,-1.005240155964239
1436000,Powiat zwoleński,2024,713.0,34091.0,573.0,59.5,16953.0,17138.0,98.92,5706.0,9823.0,8857.0,-197.0,-0.57,2091.46,20.91,0.1674,0.2881,0.2598,rural,medium,-37.559999999999945,-1.76,12.7,86.2,medium,medium_low,0.5975337916906798
1437000,Powiat żuromiński,2024,724.0,35122.0,806.0,43.58,17321.0,17801.0,97.3,6083.0,9342.0,9709.0,-364.0,-1.03,2061.39,20.61,0.1732,0.266,0.2764,rural,medium,-23.94000000000005,-1.15,13.5,83.9,medium,medium_low,0.9482508123044461
1438000,Powiat żyrardowski,2024,4679.0,74935.0,532.0,140.86,35959.0,38976.0,92.26,11668.0,22437.0,18961.0,-218.0,-0.29,6244.08,62.44,0.1557,0.2994,0.253,suburban,large,2482.42,65.99,8.7,93.8,low,medium_high,-0.8107383795503471
1461000,Powiat m. Ostrołęka,2024,1964.0,47696.0,33.0,1445.33,22502.0,25194.0,89.31,6780.0,13786.0,13116.0,-533.0,-1.11,4117.75,41.18,0.1422,0.289,0.275,metro,medium,-493.5799999999999,-10.7,7.0,98.9,low,medium_high,-1.5748271760503472
1462000,Powiat m. Płock,2024,3504.0,110015.0,88.0,1250.17,51608.0,58407.0,88.36,15287.0,33083.0,28967.0,-1175.0,-1.06,3185.02,31.85,0.139,0.3007,0.2633,metro,very_large,-361.1599999999999,-10.18,5.0,122.5,very_low,high,-4.032090454027408
1463000,Powiat m. Radom,2024,7501.0,193777.0,112.0,1730.15,91693.0,102084.0,89.82,28229.0,57194.0,51610.0,-2228.0,-1.14,3870.94,38.71,0.1457,0.2952,0.2663,metro,very_large,-62.11999999999989,-1.58,9.6,95.8,low,medium_high,-0.822367135144489
1464000,Powiat m. Siedlce,2024,2366.0,74780.0,32.0,2336.88,35331.0,39449.0,89.56,10777.0,22991.0,17650.0,-517.0,-0.69,3163.95,31.64,0.1441,0.3074,0.236,metro,large,69.53999999999996,2.25,3.6,95.6,very_low,medium_high,-1.90769077426179
1465000,Powiat m. st. Warszawa,2024,79850.0,1863845.0,517.0,3605.12,861340.0,1002505.0,85.92,260898.0,672533.0,386748.0,2246.0,0.12,4284.15,42.84,0.14,0.3608,0.2075,metro,,-799.2200000000003,-15.72,1.4,124.2,very_low,high,-4.8444306723507635
1600000,OPOLSKIE,2024,26118.0,,,,,,,,,,,,,,,,,,,,,5.9,92.2,low,medium_high,-1.1838197998681923
1601000,Powiat brzeski,2024,2426.0,85613.0,876.0,97.73,41647.0,43966.0,94.73,13187.0,25883.0,22773.0,-536.0,-0.62,2833.68,28.34,0.154,0.3023,0.266,rural,large,-931.8900000000004,-24.75,8.3,87.7,low,medium_low,-0.3441690037670807
1602000,Powiat głubczycki,2024,1115.0,42092.0,673.0,62.54,20730.0,21362.0,97.04,6189.0,12074.0,12237.0,-516.0,-1.21,2648.96,26.49,0.147,0.2868,0.2907,rural,medium,367.6999999999998,16.12,10.4,93.2,medium,medium_high,-0.44508758131319964
1603000,Powiat kędzierzyńsko-kozielski,2024,1886.0,85435.0,625.0,136.7,41024.0,44411.0,92.37,11736.0,25235.0,24711.0,-726.0,-0.84,2207.53,22.08,0.1374,0.2954,0.2892,suburban,large,161.36000000000013,7.89,6.5,94.6,low,medium_high,-1.2860168661488143
1604000,Powiat kluczborski,2024,2379.0,60536.0,852.0,71.05,29648.0,30888.0,95.99,8660.0,18251.0,17239.0,-700.0,-1.14,3929.89,39.3,0.1431,0.3015,0.2848,rural,large,1490.15,61.08,6.6,86.0,low,medium_low,-0.5061737140032154
1605000,Powiat krapkowicki,2024,1467.0,59288.0,442.0,134.14,28509.0,30779.0,92.62,8269.0,18279.0,16732.0,-359.0,-0.6,2474.36,24.74,0.1395,0.3083,0.2822,suburban,medium,-28.699999999999815,-1.15,4.7,96.1,very_low,medium_high,-1.7497391306151266
1606000,Powiat namysłowski,2024,1095.0,41753.0,748.0,55.82,20399.0,21354.0,95.53,6321.0,12703.0,10927.0,-280.0,-0.67,2622.57,26.23,0.1514,0.3042,0.2617,rural,medium,288.69000000000005,12.37,9.0,89.2,low,medium_low,-0.34829460381853883
1607000,Powiat nyski,2024,4074.0,126897.0,1224.0,103.67,61377.0,65520.0,93.68,18323.0,37935.0,35415.0,-1095.0,-0.86,3210.48,32.1,0.1444,0.2989,0.2791,suburban,very_large,-72.53999999999996,-2.21,7.2,86.5,low,medium_low,-0.4401414032395226
1608000,Powiat oleski,2024,1350.0,60798.0,973.0,62.49,29582.0,31216.0,94.77,8705.0,17625.0,17462.0,-483.0,-0.79,2220.47,22.2,0.1432,0.2899,0.2872,rural,large,-421.46,-15.95,4.7,82.7,very_low,medium_low,-0.5632793135657469
1609000,Powiat opolski,2024,2188.0,120754.0,1534.0,78.72,58776.0,61978.0,94.83,16789.0,36975.0,34530.0,-87.0,-0.07,1811.95,18.12,0.139,0.3062,0.286,rural,very_large,46.819999999999936,2.65,5.7,85.3,low,medium_low,-0.6096492690183412
1610000,Powiat prudnicki,2024,1346.0,50875.0,571.0,89.1,24477.0,26398.0,92.72,7458.0,15042.0,14177.0,-568.0,-1.1,2645.7,26.46,0.1466,0.2957,0.2787,rural,medium,-60.21000000000004,-2.23,9.6,84.9,low,medium_low,0.14273823842552855
1611000,Powiat strzelecki,2024,1571.0,70763.0,744.0,95.11,34519.0,36244.0,95.24,9733.0,21959.0,19761.0,-494.0,-0.69,2220.09,22.2,0.1375,0.3103,0.2793,rural,large,-502.4499999999998,-18.46,5.1,92.0,low,medium_high,-1.3131823770025965
1661000,Powiat m. Opole,2024,5221.0,125492.0,149.0,842.23,58724.0,66768.0,87.95,16380.0,40722.0,30953.0,-585.0,-0.46,4160.42,41.6,0.1305,0.3245,0.2467,urban,very_large,158.9000000000001,3.97,2.9,99.2,very_low,medium_high,-2.3551282389082315
1800000,PODKARPACKIE,2024,41164.0,,,,,,,,,,,,,,,,,,,,,8.7,87.1,low,medium_low,-0.21750847102565662
1801000,Powiat bieszczadzki,2024,403.0,20423.0,1139.0,17.93,10025.0,10398.0,96.41,3294.0,6144.0,5677.0,-178.0,-0.86,1973.27,19.73,0.1613,0.3008,0.278,rural,small,-526.6100000000001,-21.07,16.1,86.0,high,medium_low,1.2402936107732312
1802000,Powiat brzozowski,2024,1069.0,62822.0,539.0,116.55,31087.0,31735.0,97.96,10969.0,18063.0,16095.0,-381.0,-0.6,1701.63,17.02,0.1746,0.2875,0.2562,suburban,large,453.2700000000002,36.31,20.7,80.9,high,medium_low,2.537514537994461
1803000,Powiat dębicki,2024,2946.0,131981.0,777.0,169.86,65182.0,66799.0,97.58,21748.0,39939.0,33470.0,-634.0,-0.48,2232.14,22.32,0.1648,0.3026,0.2536,suburban,very_large,-11.200000000000273,-0.5,4.3,82.5,very_low,medium_low,-0.6191064243937745
1804000,Powiat jarosławski,2024,1589.0,115103.0,1029.0,111.86,56266.0,58837.0,95.63,19115.0,34305.0,29771.0,-762.0,-0.66,1380.5,13.81,0.1661,0.298,0.2586,suburban,very_large,28.930000000000064,2.14,11.0,83.5,medium,medium_low,0.5240708588462902
1805000,Powiat jasielski,2024,1634.0,108084.0,831.0,130.06,53097.0,54987.0,96.56,17421.0,31524.0,29562.0,-735.0,-0.68,1511.79,15.12,0.1612,0.2917,0.2735,suburban,very_large,-44.92000000000007,-2.89,12.9,83.8,medium,medium_low,0.8468017905840564
1806000,Powiat kolbuszowski,2024,982.0,60895.0,773.0,78.78,30304.0,30591.0,99.06,10602.0,18498.0,15384.0,-265.0,-0.43,1612.61,16.13,0.1741,0.3038,0.2526,rural,large,-277.51,-14.68,8.2,78.7,low,low,0.43432312618202806
1807000,Powiat krośnieński,2024,1677.0,108034.0,992.0,108.91,53202.0,54832.0,97.03,18176.0,31410.0,28034.0,-625.0,-0.58,1552.29,15.52,0.1682,0.2907,0.2595,suburban,very_large,-3.0299999999999727,-0.19,8.8,76.9,low,low,0.7040015249467338
1808000,Powiat leżajski,2024,1025.0,66263.0,584.0,113.46,32674.0,33589.0,97.28,11364.0,19437.0,17250.0,-435.0,-0.65,1546.87,15.47,0.1715,0.2933,0.2603,suburban,large,4.099999999999909,0.27,14.0,81.8,medium,medium_low,1.2261078777100818
1809000,Powiat lubaczowski,2024,756.0,51997.0,1308.0,39.75,25776.0,26221.0,98.3,8593.0,15201.0,14182.0,-568.0,-1.08,1453.93,14.54,0.1653,0.2923,0.2727,rural,medium,107.02999999999996,7.95,10.0,82.7,low,medium_low,0.4110656149937441
1810000,Powiat łańcucki,2024,1863.0,80749.0,452.0,178.65,39785.0,40964.0,97.12,13364.0,24518.0,19199.0,-95.0,-0.12,2307.15,23.07,0.1655,0.3036,0.2378,suburban,large,393.59000000000015,20.57,9.5,82.0,low,medium_low,0.3811255262849949
1811000,Powiat mielecki,2024,2935.0,132484.0,881.0,150.38,65155.0,67329.0,96.77,21305.0,40492.0,32722.0,-499.0,-0.38,2215.36,22.15,0.1608,0.3056,0.247,suburban,very_large,-126.28999999999996,-5.39,5.3,86.7,low,medium_low,-0.8071432236731612
1812000,Powiat niżański,2024,1638.0,63189.0,786.0,80.39,31076.0,32113.0,96.77,10410.0,18852.0,17369.0,-544.0,-0.85,2592.22,25.92,0.1647,0.2983,0.2749,rural,large,1051.4199999999998,68.24,16.3,78.2,high,low,1.9676872075820286
1813000,Powiat przemyski,2024,934.0,70688.0,1211.0,58.37,35271.0,35417.0,99.59,12441.0,20710.0,18637.0,-443.0,-0.62,1321.3,13.21,0.176,0.293,0.2637,rural,large,63.059999999999945,5.01,15.7,79.8,high,low,1.7157171642956721
1814000,Powiat przeworski,2024,1252.0,75370.0,698.0,107.98,37058.0,38312.0,96.73,12969.0,22305.0,19202.0,-369.0,-0.49,1661.14,16.61,0.1721,0.2959,0.2548,suburban,large,291.96000000000004,21.32,13.3,79.5,medium,low,1.3010668996749355
1815000,Powiat ropczycko-sędziszowski,2024,1488.0,74083.0,548.0,135.19,36603.0,37480.0,97.66,12728.0,22426.0,17683.0,56.0,0.08,2008.56,20.09,0.1718,0.3027,0.2387,suburban,large,425.3499999999999,26.87,10.7,82.8,medium,medium_low,0.5308985032907292
1816000,Powiat rzeszowski,2024,2208.0,176821.0,1145.0,154.43,87577.0,89244.0,98.13,29490.0,54887.0,41754.0,1044.0,0.59,1248.72,12.49,0.1668,0.3104,0.2361,suburban,very_large,-3.430000000000064,-0.27,7.4,87.5,low,medium_low,-0.491915447478079
1817000,Powiat sanocki,2024,2211.0,89001.0,1156.0,76.99,43443.0,45558.0,95.36,14174.0,26272.0,23781.0,-742.0,-0.83,2484.24,24.84,0.1593,0.2952,0.2672,rural,large,67.33999999999969,2.79,8.7,82.2,low,medium_low,0.21634623819389215
1818000,Powiat stalowowolski,2024,2228.0,100034.0,832.0,120.23,48464.0,51570.0,93.98,14730.0,30240.0,26513.0,-857.0,-0.85,2227.24,22.27,0.1472,0.3023,0.265,suburban,very_large,398.52999999999975,21.79,5.3,88.2,low,medium_low,-0.9399558897607783
1819000,Powiat strzyżowski,2024,791.0,58775.0,503.0,116.85,29178.0,29597.0,98.58,9940.0,17378.0,15349.0,-426.0,-0.72,1345.81,13.46,0.1691,0.2957,0.2611,suburban,medium,111.02999999999996,8.99,17.2,77.8,high,low,2.1685587177280743
1820000,Powiat tarnobrzeski,2024,941.0,50550.0,521.0,97.02,24754.0,25796.0,95.96,8193.0,14942.0,13552.0,-385.0,-0.76,1861.52,18.62,0.1621,0.2956,0.2681,rural,medium,-2624.59,-58.5,7.4,85.4,low,medium_low,-0.3059777149554155
1821000,Powiat leski,2024,614.0,25224.0,835.0,30.21,12381.0,12843.0,96.4,3851.0,7487.0,6918.0,-173.0,-0.68,2434.19,24.34,0.1527,0.2968,0.2743,rural,small,520.5800000000002,27.2,19.2,86.5,high,medium_low,1.7659225859517775
1861000,Powiat m. Krosno,2024,1340.0,43594.0,45.0,968.76,20527.0,23067.0,88.99,5848.0,13056.0,11396.0,-466.0,-1.06,3073.82,30.74,0.1341,0.2995,0.2614,urban,medium,-795.8999999999996,-20.57,3.0,81.2,very_low,medium_low,-0.7429923792802307
1862000,Powiat m. Przemyśl,2024,2303.0,55292.0,46.0,1202.0,25842.0,29450.0,87.75,7401.0,16124.0,15705.0,-758.0,-1.35,4165.16,41.65,0.1339,0.2916,0.284,metro,medium,1251.69,42.96,10.1,84.9,medium,medium_low,0.2346575713084994
1863000,Powiat m. Rzeszów,2024,4966.0,198317.0,129.0,1537.34,94162.0,104155.0,90.41,28696.0,68415.0,42873.0,1049.0,0.53,2504.07,25.04,0.1447,0.345,0.2162,metro,very_large,-396.5499999999997,-13.67,4.0,100.6,very_low,high,-2.276864194914137
1864000,Powiat m. Tarnobrzeg,2024,1371.0,43224.0,85.0,508.52,20542.0,22682.0,90.57,5949.0,12326.0,12499.0,-488.0,-1.12,3171.85,31.72,0.1376,0.2852,0.2892,urban,medium,-271.1399999999999,-7.88,6.7,84.2,low,medium_low,-0.3284146481214807
2000000,PODLASKIE,2024,27397.0,,,,,,,,,,,,,,,,,,,,,6.9,91.0,low,medium_high,-0.8937310012321568
2001000,Powiat augustowski,2024,1128.0,54022.0,1659.0,32.56,26448.0,27574.0,95.92,8701.0,15408.0,14869.0,-427.0,-0.78,2088.04,20.88,0.1611,0.2852,0.2752,rural,medium,-883.5500000000002,-29.73,10.3,88.3,medium,medium_low,-0.02961673867024367
2002000,Powiat białostocki,2024,2611.0,159170.0,2977.0,53.47,78508.0,80662.0,97.33,24158.0,49047.0,40665.0,1274.0,0.81,1640.38,16.4,0.1518,0.3081,0.2555,rural,very_large,-310.89999999999986,-15.93,7.3,83.0,low,medium_low,-0.11186131579182174
2003000,Powiat bielski,2024,918.0,49987.0,1385.0,36.09,24613.0,25374.0,97.0,7244.0,13583.0,13919.0,-609.0,-1.2,1836.48,18.36,0.1449,0.2717,0.2785,rural,medium,-246.69000000000003,-11.84,4.7,97.3,very_low,medium_high,-1.8559892634852204
2004000,Powiat grajewski,2024,835.0,43756.0,967.0,45.25,21582.0,22174.0,97.33,7320.0,12456.0,12124.0,-466.0,-1.05,1908.31,19.08,0.1673,0.2847,0.2771,rural,medium,-328.1300000000001,-14.67,11.3,93.0,medium,medium_high,-0.2619244266455028
2005000,Powiat hajnowski,2024,747.0,38237.0,1624.0,23.54,18466.0,19771.0,93.4,4974.0,10035.0,11378.0,-580.0,-1.49,1953.61,19.54,0.1301,0.2624,0.2976,rural,medium,-491.2000000000001,-20.09,8.4,88.0,low,medium_low,-0.35234767040800974
2006000,Powiat kolneński,2024,543.0,35440.0,940.0,37.7,17829.0,17611.0,101.24,6417.0,10003.0,9557.0,-262.0,-0.73,1532.17,15.32,0.1811,0.2823,0.2697,rural,medium,33.65000000000009,2.25,13.9,83.5,medium,medium_low,1.0572029895675212
2007000,Powiat łomżyński,2024,1542.0,49496.0,1355.0,36.53,24970.0,24526.0,101.81,8599.0,14286.0,13032.0,-112.0,-0.23,3115.4,31.15,0.1737,0.2886,0.2633,rural,medium,700.4700000000003,29.01,5.1,92.9,low,medium_high,-1.3928699766551675
2008000,Powiat moniecki,2024,1063.0,36975.0,1382.0,26.75,18326.0,18649.0,98.27,6010.0,10641.0,10196.0,-383.0,-1.03,2874.92,28.75,0.1625,0.2878,0.2758,rural,medium,993.13,52.78,7.0,86.5,low,medium_low,-0.476909136392711
2009000,Powiat sejneński,2024,408.0,18434.0,855.0,21.56,9170.0,9264.0,98.99,3000.0,5084.0,5191.0,-211.0,-1.13,2213.3,22.13,0.1627,0.2758,0.2816,rural,small,287.85000000000014,14.95,10.8,77.5,medium,low,1.0185537900435708
2010000,Powiat siemiatycki,2024,853.0,40212.0,1459.0,27.56,19673.0,20539.0,95.78,6359.0,10623.0,11722.0,-424.0,-1.04,2121.26,21.21,0.1581,0.2642,0.2915,rural,medium,-243.63999999999987,-10.3,6.4,84.5,low,medium_low,-0.41012878106878636
2011000,Powiat sokólski,2024,1623.0,60592.0,2054.0,29.5,29878.0,30714.0,97.28,9489.0,16820.0,17267.0,-654.0,-1.07,2678.57,26.79,0.1566,0.2776,0.285,rural,large,-1574.77,-37.02,10.8,84.6,medium,medium_low,0.3899071705621832
2012000,Powiat suwalski,2024,465.0,34585.0,1307.0,26.46,17697.0,16888.0,104.79,6165.0,9617.0,9082.0,-50.0,-0.14,1344.51,13.45,0.1783,0.2781,0.2626,rural,medium,-278.1300000000001,-17.14,5.3,82.8,low,medium_low,-0.4618302918453559
2013000,Powiat wysokomazowiecki,2024,1312.0,52834.0,1289.0,40.99,26497.0,26337.0,100.61,8751.0,14723.0,13850.0,-572.0,-1.07,2483.25,24.83,0.1656,0.2787,0.2621,rural,medium,811.1500000000001,48.51,7.1,91.1,low,medium_high,-0.8658174458181425
2014000,Powiat zambrowski,2024,1180.0,41109.0,733.0,56.08,20411.0,20698.0,98.61,6720.0,11783.0,11177.0,-261.0,-0.63,2870.42,28.7,0.1635,0.2866,0.2719,rural,medium,276.75,10.67,6.5,87.0,low,medium_low,-0.6130993579715542
2061000,Powiat m. Białystok,2024,8319.0,290386.0,102.0,2846.92,136056.0,154330.0,88.16,42247.0,93061.0,72095.0,-1302.0,-0.45,2864.81,28.65,0.1455,0.3205,0.2483,metro,very_large,-330.73,-10.35,5.0,96.0,very_low,medium_high,-1.68573335314617
2062000,Powiat m. Łomża,2024,1346.0,59263.0,33.0,1795.85,28144.0,31119.0,90.44,8359.0,18038.0,16425.0,-448.0,-0.75,2271.23,22.71,0.141,0.3044,0.2772,metro,medium,-929.19,-29.03,6.7,91.4,low,medium_high,-0.9659154453420435
2063000,Powiat m. Suwałki,2024,2504.0,68143.0,66.0,1032.47,32533.0,35610.0,91.36,10448.0,20998.0,18055.0,-88.0,-0.13,3674.63,36.75,0.1533,0.3081,0.265,metro,large,-412.9499999999998,-10.1,5.6,85.7,low,medium_low,-0.6634498465516339
2200000,POMORSKIE,2024,86952.0,,,,,,,,,,,,,,,,,,,,,4.6,99.9,very_low,medium_high,-2.104581751280352
2201000,Powiat bytowski,2024,2681.0,76266.0,2192.0,34.79,38041.0,38225.0,99.52,13128.0,22208.0,19121.0,-236.0,-0.31,3515.33,35.15,0.1721,0.2912,0.2507,rural,large,1060.4899999999998,43.2,8.7,86.0,low,medium_low,-0.12011251589473784
2202000,Powiat chojnicki,2024,2375.0,95536.0,1364.0,70.04,46964.0,48572.0,96.69,16761.0,27617.0,23633.0,-488.0,-0.51,2485.97,24.86,0.1754,0.2891,0.2474,rural,large,113.64999999999964,4.79,8.6,81.7,low,medium_low,0.24223326031317047
2203000,Powiat człuchowski,2024,1261.0,52747.0,1575.0,33.49,26012.0,26735.0,97.3,8466.0,15589.0,14181.0,-388.0,-0.73,2390.66,23.91,0.1605,0.2955,0.2688,rural,medium,-108.63000000000012,-4.35,9.9,84.7,low,medium_low,0.2155981936336604
2204000,Powiat gdański,2024,3365.0,133490.0,794.0,168.12,65734.0,67756.0,97.02,21843.0,45703.0,28999.0,1762.0,1.34,2520.79,25.21,0.1636,0.3424,0.2172,suburban,very_large,-1236.19,-32.9,3.7,90.7,very_low,medium_high,-1.4554521984656472
2205000,Powiat kartuski,2024,3427.0,155382.0,1120.0,138.73,77575.0,77807.0,99.7,28045.0,47507.0,32584.0,1569.0,1.02,2205.53,22.06,0.1805,0.3057,0.2097,suburban,very_large,-4749.02,-68.29,2.4,84.9,very_low,medium_low,-1.1809001550892515
2206000,Powiat kościerski,2024,1827.0,72113.0,1166.0,61.85,35863.0,36250.0,98.93,13058.0,20752.0,17348.0,-89.0,-0.12,2533.52,25.34,0.1811,0.2878,0.2406,rural,large,-1.0399999999999636,-0.04,7.2,82.9,low,medium_low,-0.1213910046292418
2207000,Powiat kwidzyński,2024,2434.0,79612.0,835.0,95.34,39244.0,40368.0,97.22,13619.0,24469.0,20119.0,-534.0,-0.67,3057.33,30.57,0.1711,0.3074,0.2527,rural,large,147.63999999999987,5.07,7.4,86.9,low,medium_low,-0.4387903810430327
2208000,Powiat lęborski,2024,2151.0,63448.0,708.0,89.62,30922.0,32526.0,95.07,10539.0,18635.0,16131.0,-229.0,-0.36,3390.18,33.9,0.1661,0.2937,0.2542,rural,large,-12.930000000000293,-0.38,10.3,86.9,medium,medium_low,0.0943417496781983
2209000,Powiat malborski,2024,1723.0,60351.0,494.0,122.17,29340.0,31011.0,94.61,9589.0,17994.0,16113.0,-296.0,-0.49,2854.97,28.55,0.1589,0.2982,0.267,suburban,large,-317.49000000000024,-10.01,8.5,82.3,low,medium_low,0.17072432730152998
2210000,Powiat nowodworski,2024,1147.0,33392.0,914.0,36.53,16536.0,16856.0,98.1,5533.0,9937.0,8979.0,-234.0,-0.7,3434.95,34.35,0.1657,0.2976,0.2689,rural,medium,-790.9499999999998,-18.72,10.7,87.3,medium,medium_low,0.13246050502787754
2211000,Powiat pucki,2024,2265.0,92383.0,868.0,106.43,45519.0,46864.0,97.13,15802.0,28731.0,22302.0,719.0,0.78,2451.75,24.52,0.171,0.311,0.2414,suburban,large,-446.8800000000001,-15.42,5.6,89.1,low,medium_low,-0.9644918896835655
2212000,Powiat słupski,2024,2302.0,95888.0,2300.0,41.69,47834.0,48054.0,99.54,15592.0,29206.0,25125.0,-405.0,-0.42,2400.72,24.01,0.1626,0.3046,0.262,rural,large,-346.1000000000004,-12.6,7.6,83.0,low,medium_low,-0.05670971606203923
2213000,Powiat starogardzki,2024,3969.0,124774.0,1346.0,92.7,61505.0,63269.0,97.21,21420.0,37471.0,30921.0,-351.0,-0.28,3180.95,31.81,0.1717,0.3003,0.2478,rural,very_large,75.25999999999976,2.42,5.7,94.6,low,medium_high,-1.4330877987615676
2214000,Powiat tczewski,2024,3735.0,110511.0,697.0,158.55,54030.0,56481.0,95.66,18515.0,33484.0,27835.0,-726.0,-0.65,3379.75,33.8,0.1675,0.303,0.2519,suburban,very_large,49.92000000000007,1.5,5.7,90.9,low,medium_high,-1.1054832224121127
2215000,Powiat wejherowski,2024,6484.0,230818.0,1288.0,179.21,113724.0,117094.0,97.12,39345.0,73128.0,52744.0,1372.0,0.6,2809.14,28.09,0.1705,0.3168,0.2285,suburban,very_large,-26.820000000000164,-0.95,5.5,84.5,low,medium_low,-0.5755835802581339
2216000,Powiat sztumski,2024,726.0,37836.0,731.0,51.76,18833.0,19003.0,99.11,6355.0,11179.0,10290.0,-505.0,-1.32,1918.81,19.19,0.168,0.2955,0.272,rural,medium,-19.059999999999945,-0.98,4.9,86.0,very_low,medium_low,-0.8186994458053162
2261000,Powiat m. Gdańsk,2024,27257.0,488651.0,683.0,715.45,231144.0,257507.0,89.76,73398.0,167763.0,105773.0,1280.0,0.26,5578.01,55.78,0.1502,0.3433,0.2165,urban,very_large,77.07000000000062,1.4,2.5,117.1,very_low,high,-4.01356152052684
2262000,Powiat m. Gdynia,2024,11725.0,240084.0,391.0,614.03,112733.0,127351.0,88.52,33219.0,76745.0,58396.0,-1105.0,-0.46,4883.71,48.84,0.1384,0.3197,0.2432,urban,very_large,1167.9499999999998,31.43,2.3,104.3,very_low,high,-2.9169945030656943
2263000,Powiat m. Słupsk,2024,4030.0,84767.0,53.0,1599.38,39366.0,45401.0,86.71,11311.0,25462.0,22785.0,-737.0,-0.86,4754.21,47.54,0.1334,0.3004,0.2688,metro,large,-23.340000000000146,-0.49,3.9,90.5,very_low,medium_high,-1.4009761098341096
2264000,Powiat m. Sopot,2024,2068.0,31444.0,28.0,1123.0,14418.0,17026.0,84.68,4005.0,9057.0,8076.0,-459.0,-1.44,6576.77,65.77,0.1274,0.288,0.2568,metro,medium,-1394.2699999999995,-17.49,2.1,111.6,very_low,high,-3.6001172111786195
2400000,ŚLĄSKIE,2024,164504.0,,,,,,,,,,,,,,,,,,,,,3.6,98.9,very_low,medium_high,-2.199878639654549
2401000,Powiat będziński,2024,6007.0,143640.0,364.0,394.62,68633.0,75007.0,91.5,19323.0,43457.0,39122.0,-1045.0,-0.72,4181.98,41.82,0.1345,0.3025,0.2724,urban,very_large,-1312.0200000000004,-23.88,5.5,87.9,low,medium_low,-0.8766256233900668
2402000,Powiat bielski,2024,3064.0,165708.0,458.0,361.81,81032.0,84676.0,95.7,25675.0,50219.0,42009.0,-116.0,-0.07,1849.04,18.49,0.1549,0.3031,0.2535,urban,very_large,-254.38999999999987,-12.09,3.2,87.8,very_low,medium_low,-1.2906003769125576
2403000,Powiat cieszyński,2024,5019.0,173694.0,730.0,237.94,84213.0,89481.0,94.11,26841.0,50663.0,45214.0,-1100.0,-0.63,2889.56,28.9,0.1545,0.2917,0.2603,suburban,very_large,-452.09000000000015,-13.53,4.8,87.2,very_low,medium_low,-0.9433334452520044
2404000,Powiat częstochowski,2024,2614.0,131042.0,1522.0,86.1,64268.0,66774.0,96.25,19743.0,38336.0,36618.0,-527.0,-0.4,1994.78,19.95,0.1507,0.2925,0.2794,rural,very_large,316.56999999999994,18.86,6.4,85.3,low,medium_low,-0.48096220298218195
2405000,Powiat gliwicki,2024,3660.0,112952.0,665.0,169.85,54786.0,58166.0,94.19,16291.0,34675.0,30143.0,-228.0,-0.2,3240.31,32.4,0.1442,0.307,0.2669,suburban,very_large,649.75,25.08,3.3,92.2,very_low,medium_high,-1.661800330859641
2406000,Powiat kłobucki,2024,1482.0,81495.0,889.0,91.67,40094.0,41401.0,96.84,12716.0,23508.0,22570.0,-469.0,-0.57,1818.52,18.19,0.156,0.2885,0.2769,rural,large,-360.4900000000002,-16.54,7.8,80.6,low,medium_low,0.19255828283133725
2407000,Powiat lubliniecki,2024,1590.0,74419.0,822.0,90.53,36632.0,37787.0,96.94,11224.0,22429.0,20288.0,-468.0,-0.62,2136.55,21.37,0.1508,0.3014,0.2726,rural,large,-851.9499999999998,-28.51,5.2,88.0,low,medium_low,-0.9406314008590232
2408000,Powiat mikołowski,2024,3550.0,100019.0,233.0,429.27,48679.0,51340.0,94.82,14739.0,31189.0,25422.0,17.0,0.02,3549.33,35.49,0.1474,0.3118,0.2542,urban,very_large,-145.5999999999999,-3.94,3.0,89.2,very_low,medium_low,-1.4513265984141892
2409000,Powiat myszkowski,2024,2988.0,67049.0,479.0,139.98,32210.0,34839.0,92.45,9723.0,19218.0,18818.0,-524.0,-0.78,4456.44,44.56,0.145,0.2866,0.2807,suburban,large,780.4199999999996,21.23,5.5,83.1,low,medium_low,-0.4516250919096907
2410000,Powiat pszczyński,2024,2624.0,110722.0,471.0,235.08,54149.0,56573.0,95.72,17879.0,33558.0,28638.0,-55.0,-0.05,2369.9,23.7,0.1615,0.3031,0.2586,suburban,very_large,-551.2799999999997,-18.87,3.0,88.8,very_low,medium_low,-1.4159098874574907
2411000,Powiat raciborski,2024,4186.0,98665.0,544.0,181.37,47462.0,51203.0,92.69,13856.0,29875.0,28005.0,-667.0,-0.67,4242.64,42.43,0.1404,0.3028,0.2838,suburban,large,-1047.6999999999998,-19.8,3.4,90.9,very_low,medium_high,-1.5283121536737787
2412000,Powiat rybnicki,2024,1376.0,76250.0,224.0,340.4,37346.0,38904.0,96.0,11767.0,23248.0,19815.0,-416.0,-0.54,1804.59,18.05,0.1543,0.3049,0.2599,urban,large,-575.8700000000001,-24.19,5.0,88.0,very_low,medium_low,-0.9773991340122116
2413000,Powiat tarnogórski,2024,4454.0,138856.0,644.0,215.61,67128.0,71728.0,93.59,19396.0,42796.0,36851.0,-304.0,-0.22,3207.64,32.08,0.1397,0.3082,0.2654,suburban,very_large,365.5899999999997,12.86,4.4,95.4,very_low,medium_high,-1.7429114861706887
2414000,Powiat bieruńsko-lędziński,2024,1582.0,59400.0,158.0,375.95,29260.0,30140.0,97.08,9050.0,18158.0,15675.0,-43.0,-0.07,2663.3,26.63,0.1524,0.3057,0.2639,urban,medium,175.20000000000027,7.04,1.4,83.6,very_low,medium_low,-1.249634510245924
2415000,Powiat wodzisławski,2024,5402.0,149463.0,287.0,520.78,72524.0,76939.0,94.26,22370.0,44264.0,39911.0,-806.0,-0.54,3614.27,36.14,0.1497,0.2962,0.267,urban,very_large,-11.889999999999873,-0.33,4.2,83.3,very_low,medium_low,-0.7083237128837641
2416000,Powiat zawierciański,2024,3394.0,110383.0,1004.0,109.94,53316.0,57067.0,93.43,15638.0,31502.0,31094.0,-1245.0,-1.12,3074.75,30.75,0.1417,0.2854,0.2817,suburban,very_large,-253.27,-7.61,5.6,90.2,low,medium_high,-1.0618878448144855
2417000,Powiat żywiecki,2024,4629.0,148090.0,1040.0,142.39,72377.0,75713.0,95.59,24109.0,43612.0,38777.0,-739.0,-0.5,3125.8,31.26,0.1628,0.2945,0.2618,suburban,very_large,311.1600000000003,11.06,5.7,87.0,low,medium_low,-0.7601702905843075
2461000,Powiat m. Bielsko-Biała,2024,6806.0,164318.0,124.0,1325.15,77707.0,86611.0,89.72,21864.0,50853.0,40970.0,-1448.0,-0.87,4141.97,41.42,0.1331,0.3095,0.2493,metro,very_large,-3.0299999999997453,-0.07,2.1,94.9,very_low,medium_high,-2.1214695287364824
2462000,Powiat m. Bytom,2024,6104.0,146290.0,69.0,2120.14,69661.0,76629.0,90.91,20924.0,45258.0,39815.0,-1469.0,-0.99,4172.53,41.73,0.143,0.3094,0.2722,metro,very_large,-506.0300000000007,-10.82,7.9,95.5,low,medium_high,-1.1083303337290666
2463000,Powiat m. Chorzów,2024,5305.0,99420.0,33.0,3012.73,47118.0,52302.0,90.09,14708.0,30642.0,25838.0,-1173.0,-1.17,5335.95,53.36,0.1479,0.3082,0.2599,metro,large,574.1899999999996,12.06,3.5,87.1,very_low,medium_low,-1.1734695330085534
2464000,Powiat m. Częstochowa,2024,7603.0,203615.0,160.0,1272.59,95098.0,108517.0,87.63,26348.0,59557.0,57215.0,-2354.0,-1.14,3734.01,37.34,0.1294,0.2925,0.281,metro,very_large,4.8100000000004,0.13,3.5,90.7,very_low,medium_high,-1.4922199316188354
2465000,Powiat m. Dąbrowa Górnicza,2024,6812.0,112408.0,189.0,594.75,53499.0,58909.0,90.82,14413.0,34967.0,30434.0,-1052.0,-0.93,6060.07,60.6,0.1282,0.3111,0.2707,urban,very_large,288.8699999999999,5.01,4.1,101.7,very_low,high,-2.3558762834684632
2466000,Powiat m. Gliwice,2024,8912.0,168248.0,134.0,1255.58,80290.0,87958.0,91.28,22032.0,53018.0,43442.0,-1667.0,-0.98,5296.94,52.97,0.1309,0.3151,0.2582,metro,very_large,595.1799999999994,12.66,2.1,108.9,very_low,high,-3.3610544122209096
2467000,Powiat m. Jastrzębie-Zdrój,2024,2778.0,81338.0,85.0,956.92,39329.0,42009.0,93.62,12268.0,23011.0,21865.0,-963.0,-1.17,3415.38,34.15,0.1508,0.2829,0.2688,urban,large,-447.27,-11.58,3.4,150.2,very_low,high,-6.778839553004244
2468000,Powiat m. Jaworzno,2024,3746.0,86075.0,152.0,566.28,41517.0,44558.0,93.18,11758.0,26292.0,24313.0,-737.0,-0.85,4352.02,43.52,0.1366,0.3055,0.2825,urban,large,-6670.65,-60.52,3.8,106.2,very_low,high,-2.8094658814610973
2469000,Powiat m. Katowice,2024,18521.0,278885.0,165.0,1690.21,131505.0,147380.0,89.23,38260.0,88796.0,71386.0,-305.0,-0.11,6641.09,66.41,0.1372,0.3184,0.256,metro,very_large,-437.59999999999945,-6.18,1.0,116.5,very_low,high,-4.236194452740706
2470000,Powiat m. Mysłowice,2024,2329.0,70741.0,66.0,1071.83,34133.0,36608.0,93.24,9945.0,22186.0,18949.0,-539.0,-0.76,3292.29,32.92,0.1406,0.3136,0.2679,metro,large,-142.05000000000018,-4.14,4.2,84.9,very_low,medium_low,-0.8499905567105566
2471000,Powiat m. Piekary Śląskie,2024,1677.0,51373.0,40.0,1284.32,24584.0,26789.0,91.77,7163.0,15576.0,14115.0,-334.0,-0.65,3264.36,32.64,0.1394,0.3032,0.2748,metro,medium,-127.82999999999991,-3.77,7.8,98.2,low,medium_high,-1.365776999263372
2472000,Powiat m. Ruda Śląska,2024,4877.0,128793.0,78.0,1651.19,61961.0,66832.0,92.71,18824.0,39623.0,34283.0,-1509.0,-1.16,3786.7,37.87,0.1462,0.3076,0.2662,metro,very_large,-189.45000000000027,-4.76,2.8,89.6,very_low,medium_low,-1.5235110425240745
2473000,Powiat m. Rybnik,2024,4516.0,129817.0,148.0,877.14,63084.0,66733.0,94.53,19175.0,39697.0,34336.0,-1070.0,-0.82,3478.74,34.79,0.1477,0.3058,0.2645,urban,very_large,-266.48,-7.12,2.7,91.7,very_low,medium_high,-1.7278326416233336
2474000,Powiat m. Siemianowice Śląskie,2024,4440.0,62817.0,26.0,2416.04,29666.0,33151.0,89.49,8349.0,19464.0,16951.0,-584.0,-0.92,7068.15,70.68,0.1329,0.3099,0.2698,metro,large,4189.65,145.55,3.9,90.0,very_low,medium_low,-1.356705221138237
2475000,Powiat m. Sosnowiec,2024,6934.0,184988.0,91.0,2032.84,86777.0,98211.0,88.36,23608.0,56029.0,50439.0,-2127.0,-1.14,3748.35,37.48,0.1276,0.3029,0.2727,metro,very_large,-8521.64,-69.45,5.6,92.7,low,medium_high,-1.2832422882938475
2476000,Powiat m. Świętochłowice,2024,1663.0,45021.0,13.0,3463.15,21519.0,23502.0,91.56,6573.0,13860.0,11977.0,-413.0,-0.91,3693.83,36.94,0.146,0.3079,0.266,metro,medium,-1883.49,-33.77,4.6,85.2,very_low,medium_low,-0.8030176236217031
2477000,Powiat m. Tychy,2024,3663.0,121063.0,82.0,1476.38,57907.0,63156.0,91.69,15925.0,38972.0,30850.0,-982.0,-0.8,3025.7,30.26,0.1315,0.3219,0.2548,metro,very_large,-507.4200000000001,-14.36,1.8,94.4,very_low,medium_high,-2.1323502397703926
2478000,Powiat m. Zabrze,2024,5905.0,152461.0,80.0,1905.76,73297.0,79164.0,92.59,21552.0,46038.0,42739.0,-1377.0,-0.9,3873.12,38.73,0.1414,0.302,0.2803,metro,very_large,-212.3499999999999,-5.2,4.1,96.8,very_low,medium_high,-1.9220215742489133
2479000,Powiat m. Żory,2024,4292.0,61923.0,65.0,952.66,30088.0,31835.0,94.51,9294.0,20222.0,14242.0,149.0,0.24,6931.19,69.31,0.1501,0.3266,0.23,urban,large,2989.4,75.84,3.4,86.8,very_low,medium_low,-1.1652908663676242
2600000,ŚWIĘTOKRZYSKIE,2024,29427.0,,,,,,,,,,,,,,,,,,,,,7.5,88.8,low,medium_low,-0.588635891510753
2601000,Powiat buski,2024,1176.0,67157.0,968.0,69.38,32870.0,34287.0,95.87,9981.0,19101.0,18583.0,-660.0,-0.97,1751.12,17.51,0.1486,0.2844,0.2767,rural,large,-861.79,-32.98,4.1,85.0,very_low,medium_low,-0.8772286010263248
2602000,Powiat jędrzejowski,2024,1803.0,80365.0,1257.0,63.93,39629.0,40736.0,97.28,12827.0,23199.0,20815.0,-692.0,-0.85,2243.51,22.44,0.1596,0.2887,0.259,rural,large,127.71000000000004,6.04,6.0,89.2,low,medium_low,-0.8998106011163639
2603000,Powiat kazimierski,2024,506.0,31373.0,422.0,74.34,15416.0,15957.0,96.61,4675.0,9077.0,8766.0,-320.0,-1.01,1612.85,16.13,0.149,0.2893,0.2794,rural,medium,151.9599999999998,10.4,10.2,80.2,medium,medium_low,0.6691877916262943
2604000,Powiat kielecki,2024,3137.0,211645.0,2246.0,94.23,105326.0,106319.0,99.07,35376.0,64788.0,53767.0,-119.0,-0.06,1482.2,14.82,0.1671,0.3061,0.254,rural,very_large,-218.28,-12.84,6.7,81.2,low,medium_low,-0.06278931594624626
2605000,Powiat konecki,2024,1837.0,72810.0,1140.0,63.87,35788.0,37022.0,96.67,11043.0,20135.0,20545.0,-931.0,-1.26,2523.01,25.23,0.1517,0.2765,0.2822,rural,large,80.68000000000029,3.3,10.1,84.0,medium,medium_low,0.31434517096107023
2606000,Powiat opatowski,2024,782.0,47876.0,911.0,52.55,23685.0,24191.0,97.91,7566.0,13478.0,13401.0,-518.0,-1.07,1633.39,16.33,0.158,0.2815,0.2799,rural,medium,-213.94999999999985,-11.58,14.8,80.1,medium,medium_low,1.5236998318888015
2607000,Powiat ostrowiecki,2024,3243.0,98766.0,617.0,160.07,47070.0,51696.0,91.05,14048.0,27458.0,28616.0,-1292.0,-1.29,3283.52,32.84,0.1422,0.278,0.2897,suburban,large,743.9899999999998,29.3,10.6,83.3,medium,medium_low,0.4682437480182627
2608000,Powiat pińczowski,2024,679.0,36283.0,613.0,59.19,17863.0,18420.0,96.98,5480.0,10014.0,10033.0,-456.0,-1.24,1871.4,18.71,0.151,0.276,0.2765,rural,medium,-199.9699999999998,-9.65,6.8,86.2,low,medium_low,-0.4871143363283762
2609000,Powiat sandomierski,2024,1686.0,70999.0,676.0,105.03,34418.0,36581.0,94.09,11070.0,19965.0,19671.0,-825.0,-1.15,2374.68,23.75,0.1559,0.2812,0.2771,suburban,large,-199.67000000000007,-7.76,7.9,90.3,low,medium_high,-0.6479130912919935
2610000,Powiat skarżyski,2024,1873.0,67152.0,395.0,170.01,32154.0,34998.0,91.87,9144.0,18799.0,19517.0,-951.0,-1.4,2789.19,27.89,0.1362,0.2799,0.2906,suburban,large,-1809.73,-39.35,14.2,92.1,medium,medium_high,0.3508953037282987
2611000,Powiat starachowicki,2024,2986.0,82681.0,523.0,158.09,40062.0,42619.0,94.0,12085.0,23587.0,22779.0,-953.0,-1.14,3611.47,36.11,0.1462,0.2853,0.2755,suburban,large,-1290.8400000000006,-26.33,9.4,86.0,low,medium_low,0.008574550141421545
2612000,Powiat staszowski,2024,1378.0,67817.0,925.0,73.32,33595.0,34222.0,98.17,10857.0,19247.0,18347.0,-631.0,-0.92,2031.94,20.32,0.1601,0.2838,0.2705,rural,large,-1037.54,-33.8,6.7,89.3,low,medium_low,-0.7799777128193788
2613000,Powiat włoszczowski,2024,926.0,42530.0,906.0,46.94,21139.0,21391.0,98.82,6805.0,12079.0,11357.0,-402.0,-0.94,2177.29,21.77,0.16,0.284,0.267,rural,medium,113.55999999999996,5.5,6.5,91.4,low,medium_high,-1.002683178495232
2661000,Powiat m. Kielce,2024,7415.0,180537.0,110.0,1641.25,83914.0,96623.0,86.85,23220.0,55709.0,45954.0,-1758.0,-0.96,4107.19,41.07,0.1286,0.3086,0.2545,metro,very_large,-462.8800000000001,-10.13,4.4,95.2,very_low,medium_high,-1.7252031306923394
2800000,WARMIŃSKO-MAZURSKIE,2024,44380.0,,,,,,,,,,,,,,,,,,,,,8.3,87.2,low,medium_low,-0.2998981150712083
2801000,Powiat bartoszycki,2024,2295.0,52001.0,1307.0,39.79,25314.0,26687.0,94.86,8004.0,14963.0,14882.0,-673.0,-1.28,4413.38,44.13,0.1539,0.2877,0.2862,rural,medium,1922.59,77.19,16.6,84.7,high,medium_low,1.44731725426547
2802000,Powiat braniewski,2024,868.0,36812.0,1204.0,30.57,18329.0,18483.0,99.17,5819.0,10630.0,10616.0,-469.0,-1.26,2357.93,23.58,0.1581,0.2888,0.2884,rural,medium,-463.8800000000001,-16.44,14.7,83.0,medium,medium_low,1.2485448108761468
2803000,Powiat działdowski,2024,1754.0,61003.0,954.0,63.94,30031.0,30972.0,96.96,10455.0,17387.0,16489.0,-413.0,-0.67,2875.27,28.75,0.1714,0.285,0.2703,rural,large,187.05000000000015,6.96,12.4,79.2,medium,low,1.1621746337031111
2804000,Powiat elbląski,2024,1007.0,53765.0,1413.0,38.05,26996.0,26769.0,100.85,9194.0,15915.0,14584.0,-377.0,-0.7,1872.97,18.73,0.171,0.296,0.2713,rural,medium,-472.7099999999998,-20.15,12.5,80.1,medium,medium_low,1.1008709006271356
2805000,Powiat ełcki,2024,2464.0,87992.0,1113.0,79.06,42984.0,45008.0,95.5,14061.0,28038.0,22395.0,-351.0,-0.4,2800.25,28.0,0.1598,0.3186,0.2545,rural,large,119.78999999999996,4.47,10.6,82.3,medium,medium_low,0.5567855254100075
2806000,Powiat giżycki,2024,1350.0,53165.0,1120.0,47.47,25979.0,27186.0,95.56,8150.0,15705.0,14837.0,-571.0,-1.06,2539.26,25.39,0.1533,0.2954,0.2791,rural,medium,-395.4599999999996,-13.48,9.1,84.5,low,medium_low,0.08623561649925612
2807000,Powiat iławski,2024,2549.0,89540.0,1385.0,64.65,44141.0,45399.0,97.23,15132.0,26844.0,22734.0,-330.0,-0.37,2846.77,28.47,0.169,0.2998,0.2539,rural,large,22.69000000000005,0.8,4.2,78.5,very_low,low,-0.2833231814033893
2808000,Powiat kętrzyński,2024,1113.0,56262.0,1213.0,46.38,27374.0,28888.0,94.76,8473.0,16181.0,16214.0,-783.0,-1.37,1978.24,19.78,0.1506,0.2876,0.2882,rural,medium,-908.95,-31.48,16.0,82.4,high,medium_low,1.5406601428069175
2809000,Powiat lidzbarski,2024,748.0,37756.0,925.0,40.82,18427.0,19329.0,95.33,5772.0,11076.0,10545.0,-370.0,-0.97,1981.14,19.81,0.1529,0.2934,0.2793,rural,medium,-489.6099999999999,-19.82,11.1,82.5,medium,medium_low,0.6309965028146292
2810000,Powiat mrągowski,2024,915.0,47074.0,1065.0,44.2,22923.0,24151.0,94.92,7362.0,14106.0,13443.0,-398.0,-0.84,1943.75,19.44,0.1564,0.2997,0.2856,rural,medium,-3141.3500000000004,-61.78,8.2,81.4,low,medium_low,0.19526032722431688
2811000,Powiat nidzicki,2024,4089.0,30207.0,961.0,31.43,14983.0,15224.0,98.42,5258.0,8561.0,8332.0,-253.0,-0.83,13536.6,135.37,0.1741,0.2834,0.2758,rural,medium,4354.07,47.42,6.8,77.2,low,low,0.30976166019732704
2812000,Powiat nowomiejski,2024,1047.0,41726.0,694.0,60.12,20757.0,20969.0,98.99,7410.0,11967.0,10493.0,-238.0,-0.57,2509.23,25.09,0.1776,0.2868,0.2515,rural,medium,-88.23000000000002,-3.4,10.4,72.8,medium,low,1.361164677478395
2813000,Powiat olecki,2024,1232.0,31717.0,874.0,36.29,15755.0,15962.0,98.7,5290.0,9458.0,8281.0,-279.0,-0.87,3884.35,38.84,0.1668,0.2982,0.2611,rural,medium,230.77,6.32,12.5,82.3,medium,medium_low,0.9060789903652968
2814000,Powiat olsztyński,2024,2807.0,130560.0,2838.0,46.0,64332.0,66228.0,97.14,20755.0,41645.0,33865.0,646.0,0.5,2149.97,21.5,0.159,0.319,0.2594,rural,very_large,-276.25,-11.39,6.3,86.6,low,medium_low,-0.6144503801680442
2815000,Powiat ostródzki,2024,3074.0,98242.0,1767.0,55.6,48298.0,49944.0,96.7,15995.0,29045.0,26404.0,-827.0,-0.83,3129.01,31.29,0.1628,0.2956,0.2688,rural,large,178.54000000000042,6.05,9.3,81.5,low,medium_low,0.38862868182767907
2816000,Powiat piski,2024,1524.0,51550.0,1775.0,29.04,25601.0,25949.0,98.66,8648.0,14839.0,14112.0,-419.0,-0.81,2956.35,29.56,0.1678,0.2879,0.2738,rural,medium,-110.86000000000011,-3.61,12.8,87.9,medium,medium_low,0.4653966367013077
2817000,Powiat szczycieński,2024,1582.0,66133.0,1933.0,34.21,32691.0,33442.0,97.75,11044.0,19309.0,18101.0,-402.0,-0.6,2392.15,23.92,0.167,0.292,0.2737,rural,large,-238.04,-9.05,9.3,84.9,low,medium_low,0.08758663869574622
2818000,Powiat gołdapski,2024,669.0,24612.0,772.0,31.88,12161.0,12451.0,97.67,4108.0,7282.0,6527.0,-248.0,-1.0,2718.19,27.18,0.1669,0.2959,0.2652,rural,small,-2024.3700000000003,-42.69,7.9,78.7,low,low,0.3791715264522458
2819000,Powiat węgorzewski,2024,496.0,20611.0,693.0,29.74,10270.0,10341.0,99.31,3072.0,5853.0,5958.0,-193.0,-0.93,2406.48,24.06,0.149,0.284,0.2891,rural,small,-314.1500000000001,-11.55,12.8,85.4,medium,medium_low,0.6867510801806698
2861000,Powiat m. Elbląg,2024,4590.0,112052.0,80.0,1400.65,53318.0,58734.0,90.78,16070.0,34163.0,30105.0,-871.0,-0.77,4096.31,40.96,0.1434,0.3049,0.2687,metro,very_large,138.75000000000043,3.51,6.4,91.9,low,medium_high,-1.0653379337676985
2862000,Powiat m. Olsztyn,2024,8207.0,166392.0,88.0,1890.82,77391.0,89001.0,86.96,23595.0,53736.0,41014.0,-919.0,-0.55,4932.33,49.32,0.1418,0.3229,0.2465,metro,very_large,1830.32,59.0,2.0,99.8,very_low,medium_high,-2.573708104532625
3000000,WIELKOPOLSKIE,2024,103343.0,,,,,,,,,,,,,,,,,,,,,3.0,89.9,very_low,medium_low,-1.5133058425884107
3001000,Powiat chodzieski,2024,1129.0,44876.0,685.0,65.51,21951.0,22925.0,95.75,7479.0,13631.0,11488.0,-330.0,-0.73,2515.82,25.16,0.1667,0.3037,0.256,rural,medium,-10.389999999999873,-0.41,7.5,81.0,low,medium_low,0.10198997214485628
3002000,Powiat czarnkowsko-trzcianecki,2024,2011.0,82852.0,1808.0,45.83,41144.0,41708.0,98.65,13894.0,24194.0,21524.0,-590.0,-0.71,2427.22,24.27,0.1677,0.292,0.2598,rural,large,-54.74000000000024,-2.21,5.0,85.9,very_low,medium_low,-0.791461401489548
3003000,Powiat gnieźnieński,2024,3433.0,140653.0,1255.0,112.07,68665.0,71988.0,95.38,22532.0,42332.0,35061.0,-650.0,-0.46,2440.76,24.41,0.1602,0.301,0.2493,suburban,very_large,-748.8399999999997,-23.48,4.5,85.4,very_low,medium_low,-0.8391098456766465
3004000,Powiat gostyński,2024,1487.0,72977.0,810.0,90.1,36215.0,36762.0,98.51,11729.0,21795.0,18495.0,-539.0,-0.73,2037.63,20.38,0.1607,0.2987,0.2534,rural,large,-533.2399999999998,-20.74,4.9,85.7,very_low,medium_low,-0.792136912587793
3005000,Powiat grodziski,2024,1403.0,51541.0,644.0,80.03,25603.0,25938.0,98.71,8998.0,15681.0,12291.0,-19.0,-0.04,2722.1,27.22,0.1746,0.3042,0.2385,rural,medium,-464.48,-14.58,4.6,83.3,very_low,medium_low,-0.6347882465773875
3006000,Powiat jarociński,2024,1400.0,69540.0,588.0,118.27,33791.0,35749.0,94.52,11536.0,20514.0,17556.0,-209.0,-0.3,2013.23,20.13,0.1659,0.295,0.2525,suburban,large,-296.48,-12.84,4.7,81.0,very_low,medium_low,-0.4127582919997805
3007000,Powiat kaliski,2024,969.0,81950.0,1160.0,70.65,40298.0,41652.0,96.75,13625.0,23829.0,21201.0,-265.0,-0.32,1182.43,11.82,0.1663,0.2908,0.2587,rural,large,-347.70000000000005,-22.72,3.5,79.8,very_low,low,-0.5271145580488166
3008000,Powiat kępiński,2024,2031.0,55762.0,608.0,91.71,27571.0,28191.0,97.8,9157.0,17068.0,13921.0,-162.0,-0.29,3642.27,36.42,0.1642,0.3061,0.2497,rural,medium,135.73000000000002,3.87,1.5,72.2,very_low,low,-0.22187438140343985
3009000,Powiat kolski,2024,2181.0,80743.0,1011.0,79.86,39512.0,41231.0,95.83,13052.0,22939.0,21708.0,-819.0,-1.0,2701.16,27.01,0.1616,0.2841,0.2689,rural,large,478.31,21.52,3.8,88.6,very_low,medium_low,-1.251130599366388
3010000,Powiat koniński,2024,1890.0,128469.0,1578.0,81.41,63874.0,64595.0,98.88,22352.0,38440.0,33316.0,-368.0,-0.29,1471.17,14.71,0.174,0.2992,0.2593,rural,very_large,-144.04999999999995,-8.92,8.5,77.5,low,low,0.5957248587819048
3011000,Powiat kościański,2024,1857.0,76875.0,722.0,106.48,37691.0,39184.0,96.19,12161.0,22976.0,19578.0,-364.0,-0.47,2415.61,24.16,0.1582,0.2989,0.2547,suburban,large,55.40000000000009,2.35,3.1,88.5,very_low,medium_low,-1.3709634876633732
3012000,Powiat krotoszyński,2024,2830.0,74463.0,714.0,104.29,36552.0,37911.0,96.42,12366.0,21962.0,18784.0,-458.0,-0.61,3800.55,38.01,0.1661,0.2949,0.2523,suburban,large,590.5,18.4,2.8,71.1,very_low,low,0.11451183922320429
3013000,Powiat leszczyński,2024,969.0,60562.0,806.0,75.14,30094.0,30468.0,98.77,10287.0,19194.0,13861.0,545.0,0.91,1600.01,16.0,0.1699,0.3169,0.2289,rural,large,397.02,33.0,2.6,88.2,very_low,medium_low,-1.436320287328821
3014000,Powiat międzychodzki,2024,905.0,35485.0,736.0,48.21,17628.0,17857.0,98.72,5833.0,10471.0,8980.0,-108.0,-0.3,2550.37,25.5,0.1644,0.2951,0.2531,rural,medium,-512.0300000000002,-16.72,5.0,83.6,very_low,medium_low,-0.5878153134885339
3015000,Powiat nowotomyski,2024,4883.0,75015.0,1012.0,74.13,36935.0,38080.0,96.99,12637.0,22984.0,17950.0,-163.0,-0.22,6509.36,65.09,0.1685,0.3064,0.2393,rural,large,2868.67,78.79,2.2,86.8,very_low,medium_low,-1.3858972652867543
3016000,Powiat obornicki,2024,1532.0,58657.0,711.0,82.5,29000.0,29657.0,97.78,9733.0,18192.0,14132.0,-155.0,-0.26,2611.79,26.12,0.1659,0.3101,0.2409,rural,medium,-751.4700000000003,-22.34,3.1,85.1,very_low,medium_low,-1.0699214445314404
3017000,Powiat ostrowski,2024,4100.0,157734.0,1160.0,135.98,76979.0,80755.0,95.32,24492.0,47440.0,40522.0,-752.0,-0.47,2599.31,25.99,0.1553,0.3008,0.2569,suburban,very_large,-347.32000000000016,-11.79,3.0,81.3,very_low,medium_low,-0.7518465570194046
3018000,Powiat ostrzeszowski,2024,1125.0,54319.0,773.0,70.27,26749.0,27570.0,97.02,9051.0,16029.0,13675.0,-247.0,-0.45,2071.1,20.71,0.1666,0.2951,0.2518,rural,medium,-225.20000000000027,-9.81,3.7,83.0,very_low,medium_low,-0.7736805125492119
3019000,Powiat pilski,2024,4016.0,129629.0,1266.0,102.39,63193.0,66436.0,95.12,20464.0,39075.0,33979.0,-896.0,-0.69,3098.07,30.98,0.1579,0.3014,0.2621,suburban,very_large,142.30999999999997,4.81,4.7,89.6,very_low,medium_low,-1.1742175775687853
3020000,Powiat pleszewski,2024,1597.0,60871.0,713.0,85.37,30105.0,30766.0,97.85,10140.0,17879.0,15453.0,-380.0,-0.62,2623.58,26.24,0.1666,0.2937,0.2539,rural,large,-767.3899999999999,-22.63,3.4,84.3,very_low,medium_low,-0.9439364228882623
3021000,Powiat poznański,2024,9926.0,454283.0,1900.0,239.1,221201.0,233082.0,94.9,69775.0,155740.0,99446.0,5620.0,1.25,2184.98,21.85,0.1536,0.3428,0.2189,suburban,very_large,-246.23999999999975,-10.13,1.0,85.6,very_low,medium_low,-1.5002535313357903
3022000,Powiat rawicki,2024,1712.0,58338.0,553.0,105.49,28761.0,29577.0,97.24,9714.0,17667.0,14218.0,-263.0,-0.45,2934.62,29.35,0.1665,0.3028,0.2437,suburban,medium,-135.28999999999996,-4.41,3.6,81.9,very_low,medium_low,-0.6946684239948872
3023000,Powiat słupecki,2024,844.0,56994.0,838.0,68.01,28279.0,28715.0,98.48,9314.0,16784.0,14792.0,-270.0,-0.47,1480.86,14.81,0.1634,0.2945,0.2595,rural,medium,-87.32000000000016,-5.57,7.4,82.9,low,medium_low,-0.08462327147605342
3024000,Powiat szamotulski,2024,2357.0,91631.0,1119.0,81.89,44831.0,46800.0,95.79,14677.0,28605.0,22324.0,-28.0,-0.03,2572.27,25.72,0.1602,0.3122,0.2436,rural,large,-99.59000000000016,-3.73,3.5,91.6,very_low,medium_high,-1.571907531271405
3025000,Powiat średzki,2024,1417.0,60058.0,623.0,96.4,29533.0,30525.0,96.75,9561.0,18615.0,14398.0,104.0,0.17,2359.39,23.59,0.1592,0.31,0.2397,rural,large,-304.32000000000016,-11.42,5.6,88.5,low,medium_low,-0.911366823248519
3026000,Powiat śremski,2024,1749.0,60939.0,574.0,106.17,29783.0,31156.0,95.59,10020.0,18470.0,15055.0,-105.0,-0.17,2870.08,28.7,0.1644,0.3031,0.2471,suburban,large,955.07,49.87,2.8,81.6,very_low,medium_low,-0.8151768233901162
3027000,Powiat turecki,2024,1695.0,80513.0,930.0,86.57,39265.0,41248.0,95.19,13100.0,23776.0,21007.0,-477.0,-0.59,2105.25,21.05,0.1627,0.2953,0.2609,rural,large,-53.03999999999997,-2.46,3.7,76.7,very_low,low,-0.2158673149812198
3028000,Powiat wągrowiecki,2024,1644.0,68899.0,1040.0,66.25,34065.0,34834.0,97.79,11847.0,20861.0,16977.0,-108.0,-0.16,2386.1,23.86,0.1719,0.3028,0.2464,rural,large,-115.09999999999992,-4.6,5.4,81.7,low,medium_low,-0.3460504701378428
3029000,Powiat wolsztyński,2024,926.0,56446.0,680.0,83.01,27625.0,28821.0,95.85,9677.0,16715.0,13657.0,-226.0,-0.4,1640.51,16.41,0.1714,0.2961,0.2419,rural,medium,-104.62000000000012,-5.99,1.5,83.2,very_low,medium_low,-1.1958339327126328
3030000,Powiat wrzesiński,2024,2696.0,78199.0,704.0,111.08,38214.0,39985.0,95.57,12648.0,24469.0,19004.0,-24.0,-0.03,3447.61,34.48,0.1617,0.3129,0.243,suburban,large,1105.59,47.21,3.4,85.4,very_low,medium_low,-1.0413323780191823
3031000,Powiat złotowski,2024,1651.0,66975.0,1661.0,40.32,33022.0,33953.0,97.26,11192.0,20414.0,17102.0,-326.0,-0.48,2465.1,24.65,0.1671,0.3048,0.2553,rural,large,135.26999999999998,5.81,4.6,75.1,very_low,low,0.09125432803492017
3061000,Powiat m. Kalisz,2024,4468.0,91963.0,69.0,1332.8,42643.0,49320.0,86.46,13106.0,26179.0,24659.0,-1174.0,-1.26,4858.48,48.58,0.1425,0.2847,0.2681,metro,large,1010.3899999999994,26.26,3.7,88.8,very_low,medium_low,-1.2872228214213315
3062000,Powiat m. Konin,2024,4481.0,66103.0,82.0,806.13,30874.0,35229.0,87.64,8917.0,18530.0,18526.0,-963.0,-1.44,6778.81,67.79,0.1349,0.2803,0.2803,urban,large,805.5900000000001,13.49,6.0,89.0,low,medium_low,-0.8821022456380148
3063000,Powiat m. Leszno,2024,3334.0,59521.0,32.0,1860.03,28130.0,31391.0,89.61,8820.0,17636.0,15354.0,-530.0,-0.88,5601.38,56.01,0.1482,0.2963,0.258,metro,medium,1138.5100000000002,25.51,3.1,90.7,very_low,medium_high,-1.5657553979252121
3064000,Powiat m. Poznań,2024,22695.0,536151.0,262.0,2046.38,250267.0,285884.0,87.54,82196.0,185399.0,115041.0,-2288.0,-0.42,4232.95,42.33,0.1533,0.3458,0.2146,metro,very_large,-806.9899999999998,-16.01,1.0,110.0,very_low,high,-3.6606728996943643
3200000,ZACHODNIOPOMORSKIE,2024,55630.0,,,,,,,,,,,,,,,,,,,,,6.8,93.0,low,medium_high,-1.0891984225922406
3201000,Powiat białogardzki,2024,1245.0,43964.0,845.0,52.03,21555.0,22409.0,96.19,6964.0,13239.0,11857.0,-409.0,-0.92,2831.86,28.32,0.1584,0.3011,0.2697,rural,medium,-426.87999999999965,-13.1,16.6,86.7,high,medium_low,1.2702336994819805
3202000,Powiat choszczeński,2024,1776.0,44105.0,1328.0,33.21,21827.0,22278.0,97.98,6997.0,12830.0,12103.0,-317.0,-0.71,4026.75,40.27,0.1586,0.2909,0.2744,rural,medium,776.1100000000001,23.88,15.9,85.1,high,medium_low,1.2832134772726134
3203000,Powiat drawski,2024,1772.0,53003.0,1761.0,30.1,25983.0,27020.0,96.16,8283.0,15621.0,14335.0,-513.0,-0.96,3343.21,33.43,0.1563,0.2947,0.2705,rural,medium,69.42000000000007,2.12,11.4,81.4,medium,medium_low,0.7835440576753305
3204000,Powiat goleniowski,2024,3308.0,81118.0,1615.0,50.23,39989.0,41129.0,97.23,12870.0,24945.0,21036.0,-245.0,-0.3,4078.01,40.78,0.1587,0.3075,0.2593,rural,large,586.25,16.79,4.2,89.0,very_low,medium_low,-1.2130118440167097
3205000,Powiat gryficki,2024,2043.0,56095.0,1021.0,54.94,27697.0,28398.0,97.53,8860.0,16697.0,15347.0,-340.0,-0.6,3642.04,36.42,0.1579,0.2977,0.2736,rural,medium,-858.71,-19.08,8.6,85.1,low,medium_low,-0.05880878281876112
3206000,Powiat gryfiński,2024,2442.0,76489.0,1869.0,40.93,37778.0,38711.0,97.59,12252.0,22781.0,20929.0,-470.0,-0.61,3192.62,31.93,0.1602,0.2978,0.2736,rural,large,38.98999999999978,1.24,6.6,89.2,low,medium_low,-0.789507401656799
3207000,Powiat kamieński,2024,1543.0,43773.0,1008.0,43.43,21356.0,22417.0,95.27,6221.0,13047.0,12400.0,-364.0,-0.82,3525.0,35.25,0.1421,0.2981,0.2833,rural,medium,-34.36999999999989,-0.97,13.5,83.1,medium,medium_low,1.0190842342178428
3208000,Powiat kołobrzeski,2024,2251.0,76390.0,728.0,104.93,36387.0,40003.0,90.96,10869.0,22398.0,21592.0,-331.0,-0.43,2946.72,29.47,0.1423,0.2932,0.2827,suburban,large,-795.4100000000003,-21.26,2.3,85.8,very_low,medium_low,-1.2789716213184155
3209000,Powiat koszaliński,2024,1366.0,64359.0,1648.0,39.05,32039.0,32320.0,99.13,10260.0,19953.0,17441.0,-91.0,-0.14,2122.47,21.22,0.1594,0.31,0.271,rural,large,-870.5500000000002,-29.09,11.2,83.3,medium,medium_low,0.5785469474778276
3210000,Powiat myśliborski,2024,2136.0,61756.0,1182.0,52.25,30308.0,31448.0,96.37,9692.0,18552.0,16553.0,-468.0,-0.75,3458.77,34.59,0.1569,0.3004,0.268,rural,large,612.5999999999999,21.52,6.8,85.9,low,medium_low,-0.460551803110853
3211000,Powiat policki,2024,1585.0,86834.0,664.0,130.77,42451.0,44383.0,95.65,13408.0,28533.0,21985.0,917.0,1.07,1825.32,18.25,0.1544,0.3286,0.2532,suburban,large,-380.3,-17.24,3.4,92.1,very_low,medium_high,-1.6345622865438716
3212000,Powiat pyrzycki,2024,1047.0,35991.0,726.0,49.57,17896.0,18095.0,98.9,5689.0,10398.0,9831.0,-422.0,-1.16,2909.06,29.09,0.1581,0.2889,0.2732,rural,medium,151.79999999999973,5.51,10.9,84.5,medium,medium_low,0.4171452148779513
3213000,Powiat sławieński,2024,1309.0,52394.0,1043.0,50.23,25537.0,26857.0,95.09,8224.0,15509.0,14238.0,-509.0,-0.96,2498.38,24.98,0.157,0.296,0.2717,rural,medium,24.039999999999964,0.97,13.6,82.4,medium,medium_low,1.0994473449686573
3214000,Powiat stargardzki,2024,3221.0,118844.0,1523.0,78.03,58243.0,60601.0,96.11,17811.0,37002.0,30660.0,-246.0,-0.21,2710.28,27.1,0.1499,0.3113,0.258,rural,very_large,-467.9899999999998,-14.72,6.9,83.7,low,medium_low,-0.24737602627241992
3215000,Powiat szczecinecki,2024,1613.0,72023.0,1766.0,40.78,35042.0,36981.0,94.76,11096.0,20875.0,19743.0,-694.0,-0.95,2239.56,22.4,0.1541,0.2898,0.2741,rural,large,-22.63000000000011,-1.0,13.5,87.1,medium,medium_low,0.6649171246508636
3216000,Powiat świdwiński,2024,1424.0,42754.0,1093.0,39.12,21006.0,21748.0,96.59,6691.0,12415.0,11879.0,-483.0,-1.12,3330.68,33.31,0.1565,0.2904,0.2778,rural,medium,807.3799999999997,32.0,13.4,81.8,medium,medium_low,1.1158046782505169
3217000,Powiat wałecki,2024,1332.0,49384.0,1415.0,34.9,24052.0,25332.0,94.95,7862.0,14660.0,13303.0,-619.0,-1.24,2697.23,26.97,0.1592,0.2969,0.2694,rural,medium,-536.5799999999999,-16.59,9.6,87.7,low,medium_low,-0.10517873827135667
3218000,Powiat łobeski,2024,1142.0,32974.0,1065.0,30.96,16350.0,16624.0,98.35,5193.0,9475.0,9122.0,-420.0,-1.26,3463.33,34.63,0.1575,0.2873,0.2766,rural,medium,-249.90999999999983,-6.73,14.8,85.5,medium,medium_low,1.0455742339733791
3261000,Powiat m. Koszalin,2024,5229.0,105263.0,106.0,993.05,49460.0,55803.0,88.63,13657.0,32820.0,26442.0,-277.0,-0.26,4967.56,49.68,0.1297,0.3118,0.2512,urban,very_large,749.25,17.76,4.7,91.2,very_low,medium_high,-1.3158844213955778
3262000,Powiat m. Szczecin,2024,16470.0,386706.0,301.0,1284.74,182957.0,203749.0,89.8,53775.0,124853.0,95432.0,-2360.0,-0.61,4259.05,42.59,0.1391,0.3229,0.2468,metro,very_large,-808.4700000000003,-15.95,3.4,104.8,very_low,high,-2.759042859419031
3263000,Powiat m. Świnoujście,2024,1376.0,38541.0,202.0,190.8,18431.0,20110.0,91.65,4684.0,11588.0,11036.0,-363.0,-0.93,3570.22,35.7,0.1215,0.3007,0.2863,suburban,medium,-300.8500000000004,-7.77,4.5,91.5,very_low,medium_high,-1.3792146877662894
