powiat_code,powiat_name,year,total_crimes,total_population,area_km2,population_density,male_population,female_population,gender_ratio,age_15_29,age_30_49,age_50_69,population_change,population_change_pct,crime_rate_per_100k,crime_rate_per_1000,youth_ratio,middle_age_ratio,elderly_ratio,urbanization_category,population_size_category,crime_rate_change,crime_rate_change_pct
0200000,DOLNOŚLĄSKIE,2024,69582.0,,,,,,,,,,,,,,,,,,,,
0201000,Powiat bolesławiecki,2024,3479.0,87255.0,1303.0,66.96,42244.0,45011.0,93.85,13335.0,26699.0,22844.0,-387.0,-0.44,3987.16,39.87,0.1528,0.306,0.2618,rural,large,1251.0299999999997,45.72
0202000,Powiat dzierżoniowski,2024,1564.0,93863.0,479.0,195.96,44496.0,49367.0,90.13,12763.0,27888.0,26141.0,-877.0,-0.93,1666.26,16.66,0.136,0.2971,0.2785,suburban,large,-176.68000000000006,-9.59
0203000,Powiat głogowski,2024,3448.0,84387.0,443.0,190.49,40823.0,43564.0,93.71,13021.0,25499.0,21205.0,-656.0,-0.77,4085.94,40.86,0.1543,0.3022,0.2513,suburban,large,1252.08,44.18
0204000,Powiat górowski,2024,702.0,32054.0,738.0,43.43,15861.0,16193.0,97.95,5443.0,9125.0,8681.0,-405.0,-1.25,2190.05,21.9,0.1698,0.2847,0.2708,rural,medium,-256.1099999999997,-10.47
0205000,Powiat jaworski,2024,784.0,46822.0,581.0,80.59,22913.0,23909.0,95.83,6949.0,13935.0,12966.0,-391.0,-0.83,1674.43,16.74,0.1484,0.2976,0.2769,rural,medium,-365.26,-17.91
0206000,Powiat karkonoski,2024,1308.0,59864.0,627.0,95.48,28854.0,31010.0,93.05,8632.0,18042.0,17124.0,-574.0,-0.95,2184.95,21.85,0.1442,0.3014,0.286,rural,medium,340.0799999999999,18.43
0207000,Powiat kamiennogórski,2024,633.0,39875.0,396.0,100.69,19396.0,20479.0,94.71,6155.0,11719.0,11206.0,-444.0,-1.1,1587.46,15.87,0.1544,0.2939,0.281,suburban,medium,-344.6299999999999,-17.84
0208000,Powiat kłodzki,2024,3008.0,145243.0,1643.0,88.4,69808.0,75435.0,92.54,20216.0,42819.0,40842.0,-1709.0,-1.16,2071.01,20.71,0.1392,0.2948,0.2812,rural,very_large,260.9000000000003,14.41
0209000,Powiat legnicki,2024,1229.0,54967.0,744.0,73.88,26882.0,28085.0,95.72,8434.0,16649.0,14632.0,-65.0,-0.12,2235.89,22.36,0.1534,0.3029,0.2662,rural,medium,482.3599999999999,27.51
0210000,Powiat lubański,2024,1332.0,50909.0,428.0,118.95,24611.0,26298.0,93.59,7708.0,15191.0,13822.0,-501.0,-0.97,2616.43,26.16,0.1514,0.2984,0.2715,suburban,medium,-266.2800000000002,-9.24
0211000,Powiat lubiński,2024,2545.0,102376.0,712.0,143.79,49109.0,53267.0,92.19,14612.0,30792.0,26179.0,-496.0,-0.48,2485.93,24.86,0.1427,0.3008,0.2557,suburban,very_large,-74.5300000000002,-2.91
0212000,Powiat lwówecki,2024,922.0,42465.0,710.0,59.81,20703.0,21762.0,95.13,6345.0,12803.0,11762.0,-352.0,-0.82,2171.2,21.71,0.1494,0.3015,0.277,rural,medium,-288.10000000000036,-11.71
0213000,Powiat milicki,2024,571.0,35396.0,715.0,49.5,17453.0,17943.0,97.27,5975.0,10392.0,8863.0,-207.0,-0.58,1613.18,16.13,0.1688,0.2936,0.2504,rural,medium,-1.849999999999909,-0.11
0214000,Powiat oleśnicki,2024,1514.0,106706.0,1049.0,101.72,52074.0,54632.0,95.32,16313.0,33371.0,26354.0,190.0,0.18,1418.85,14.19,0.1529,0.3127,0.247,suburban,very_large,-565.8300000000002,-28.51
0215000,Powiat oławski,2024,1122.0,77387.0,524.0,147.69,37611.0,39776.0,94.56,11654.0,24178.0,19111.0,-41.0,-0.05,1449.86,14.5,0.1506,0.3124,0.247,suburban,large,-473.22,-24.61
0216000,Powiat polkowicki,2024,1818.0,60913.0,780.0,78.09,29958.0,30955.0,96.78,10007.0,18395.0,15667.0,-276.0,-0.45,2984.58,29.85,0.1643,0.302,0.2572,rural,large,85.36999999999989,2.94
0217000,Powiat strzeliński,2024,902.0,41473.0,622.0,66.68,20408.0,21065.0,96.88,6265.0,12439.0,11137.0,-309.0,-0.74,2174.91,21.75,0.1511,0.2999,0.2685,rural,medium,35.23000000000002,1.65
0218000,Powiat średzki,2024,1095.0,59713.0,704.0,84.82,29535.0,30178.0,97.87,9093.0,19571.0,14458.0,635.0,1.07,1833.77,18.34,0.1523,0.3278,0.2421,rural,medium,401.76,28.06
0219000,Powiat świdnicki,2024,2577.0,149312.0,741.0,201.5,71855.0,77457.0,92.77,21071.0,45597.0,40182.0,-1098.0,-0.73,1725.92,17.26,0.1411,0.3054,0.2691,suburban,very_large,-2.689999999999827,-0.16
0220000,Powiat trzebnicki,2024,1293.0,87765.0,1025.0,85.62,43006.0,44759.0,96.08,13664.0,27379.0,22264.0,130.0,0.15,1473.25,14.73,0.1557,0.312,0.2537,rural,large,-256.6500000000001,-14.84
0221000,Powiat wałbrzyski,2024,1144.0,52275.0,430.0,121.57,25132.0,27143.0,92.59,7584.0,15872.0,14797.0,-381.0,-0.72,2188.43,21.88,0.1451,0.3036,0.2831,suburban,medium,452.6399999999999,26.08
0222000,Powiat wołowski,2024,699.0,45112.0,675.0,66.83,22058.0,23054.0,95.68,6613.0,13640.0,12214.0,-346.0,-0.76,1549.48,15.49,0.1466,0.3024,0.2707,rural,medium,-652.5500000000002,-29.63
0223000,Powiat wrocławski,2024,2854.0,191110.0,1118.0,170.94,93741.0,97369.0,96.27,27511.0,68754.0,39591.0,3957.0,2.11,1493.38,14.93,0.144,0.3598,0.2072,suburban,very_large,-34.25,-2.24
0224000,Powiat ząbkowicki,2024,763.0,59803.0,802.0,74.57,28970.0,30833.0,93.96,8769.0,17689.0,16849.0,-759.0,-1.25,1275.86,12.76,0.1466,0.2958,0.2817,rural,medium,-5.470000000000027,-0.43
0225000,Powiat zgorzelecki,2024,2744.0,84337.0,839.0,100.52,40806.0,43531.0,93.74,12321.0,25651.0,23540.0,-802.0,-0.94,3253.61,32.54,0.1461,0.3041,0.2791,suburban,large,58.82999999999993,1.84
0226000,Powiat złotoryjski,2024,867.0,40213.0,576.0,69.81,19633.0,20580.0,95.4,5956.0,12206.0,11141.0,-403.0,-0.99,2156.02,21.56,0.1481,0.3035,0.277,rural,medium,-507.9499999999998,-19.07
0261000,Powiat m. Jelenia Góra,2024,2321.0,74194.0,109.0,680.68,34316.0,39878.0,86.05,9029.0,22146.0,20442.0,-930.0,-1.24,3128.29,31.28,0.1217,0.2985,0.2755,urban,large,-405.8699999999999,-11.48
0262000,Powiat m. Legnica,2024,4704.0,90823.0,56.0,1621.84,42739.0,48084.0,88.88,12153.0,27492.0,24412.0,-1125.0,-1.22,5179.3,51.79,0.1338,0.3027,0.2688,metro,large,748.5299999999997,16.89
0264000,Powiat m. Wrocław,2024,17984.0,672882.0,293.0,2296.53,316595.0,356287.0,88.86,98039.0,246198.0,137825.0,-861.0,-0.13,2672.68,26.73,0.1457,0.3659,0.2048,metro,very_large,-347.1700000000001,-11.5
0265000,Powiat m. Wałbrzych od 2013,2024,3656.0,98748.0,85.0,1161.74,46261.0,52487.0,88.14,12508.0,29335.0,28349.0,-1546.0,-1.54,3702.35,37.02,0.1267,0.2971,0.2871,metro,large,-972.9000000000001,-20.81
0400000,KUJAWSKO-POMORSKIE,2024,36182.0,,,,,,,,,,,,,,,,,,,,
0401000,Powiat aleksandrowski,2024,1084.0,53086.0,475.0,111.76,25817.0,27269.0,94.68,8533.0,15290.0,14195.0,-372.0,-0.7,2041.97,20.42,0.1607,0.288,0.2674,suburban,medium,-524.53,-20.44
0402000,Powiat brodnicki,2024,1072.0,77345.0,1040.0,74.37,38356.0,38989.0,98.38,12898.0,23612.0,19023.0,-446.0,-0.57,1386.0,13.86,0.1668,0.3053,0.2459,rural,large,-231.1500000000001,-14.29
0403000,Powiat bydgoski,2024,1503.0,127915.0,1394.0,91.76,63373.0,64542.0,98.19,21262.0,40411.0,31859.0,934.0,0.74,1175.0,11.75,0.1662,0.3159,0.2491,rural,very_large,-84.24000000000001,-6.69
0404000,Powiat chełmiński,2024,1720.0,48715.0,527.0,92.44,23789.0,24926.0,95.44,8098.0,14653.0,12861.0,-408.0,-0.83,3530.74,35.31,0.1662,0.3008,0.264,rural,medium,2038.5699999999997,136.62
0405000,Powiat golubsko-dobrzyński,2024,732.0,42998.0,613.0,70.14,21273.0,21725.0,97.92,7394.0,12583.0,11083.0,-280.0,-0.65,1702.4,17.02,0.172,0.2926,0.2578,rural,medium,20.25,1.2
0406000,Powiat grudziądzki,2024,395.0,39123.0,729.0,53.67,19589.0,19534.0,100.28,6911.0,11439.0,10219.0,-14.0,-0.04,1009.64,10.1,0.1766,0.2924,0.2612,rural,medium,227.76999999999998,29.13
0407000,Powiat inowrocławski,2024,2947.0,149000.0,1225.0,121.63,71784.0,77216.0,92.97,22217.0,43976.0,41781.0,-1555.0,-1.03,1977.85,19.78,0.1491,0.2951,0.2804,suburban,very_large,-700.9100000000003,-26.17
0408000,Powiat lipnowski,2024,780.0,62058.0,1016.0,61.08,30799.0,31259.0,98.53,11109.0,18006.0,16137.0,-520.0,-0.83,1256.89,12.57,0.179,0.2901,0.26,rural,large,101.5300000000002,8.79
0409000,Powiat mogileński,2024,410.0,43209.0,675.0,64.01,21165.0,22044.0,96.01,6870.0,12416.0,11674.0,-368.0,-0.84,948.88,9.49,0.159,0.2873,0.2702,rural,medium,-28.700000000000045,-2.94
0410000,Powiat nakielski,2024,1599.0,82435.0,1120.0,73.6,40832.0,41603.0,98.15,13905.0,24717.0,21202.0,-439.0,-0.53,1939.71,19.4,0.1687,0.2998,0.2572,rural,large,-235.8800000000001,-10.84
0411000,Powiat radziejowski,2024,380.0,37331.0,607.0,61.5,18442.0,18889.0,97.63,5867.0,10418.0,10611.0,-481.0,-1.27,1017.92,10.18,0.1572,0.2791,0.2842,rural,medium,-63.750000000000114,-5.89
0412000,Powiat rypiński,2024,810.0,40798.0,587.0,69.5,20112.0,20686.0,97.23,6946.0,11631.0,10809.0,-387.0,-0.94,1985.39,19.85,0.1703,0.2851,0.2649,rural,medium,438.71000000000004,28.36
0413000,Powiat sępoleński,2024,524.0,38633.0,791.0,48.84,19256.0,19377.0,99.38,6714.0,11279.0,9886.0,-193.0,-0.5,1356.35,13.56,0.1738,0.292,0.2559,rural,medium,-145.22000000000003,-9.67
0414000,Powiat świecki,2024,1449.0,94358.0,1474.0,64.01,46350.0,48008.0,96.55,15524.0,28003.0,24524.0,-473.0,-0.5,1535.64,15.36,0.1645,0.2968,0.2599,rural,large,-142.07999999999993,-8.47
0415000,Powiat toruński,2024,1363.0,114956.0,1230.0,93.46,57009.0,57947.0,98.38,19847.0,36937.0,27458.0,653.0,0.57,1185.67,11.86,0.1726,0.3213,0.2389,rural,very_large,-24.269999999999982,-2.01
0416000,Powiat tucholski,2024,614.0,46763.0,1075.0,43.5,23287.0,23476.0,99.19,7931.0,13355.0,12116.0,-154.0,-0.33,1313.0,13.13,0.1696,0.2856,0.2591,rural,medium,2.1700000000000728,0.17
0417000,Powiat wąbrzeski,2024,471.0,32155.0,501.0,64.18,15799.0,16356.0,96.59,5345.0,9361.0,8554.0,-265.0,-0.82,1464.78,14.65,0.1662,0.2911,0.266,rural,medium,530.17,56.73
0418000,Powiat włocławski,2024,844.0,81591.0,1472.0,55.43,40378.0,41213.0,97.97,13354.0,23156.0,22834.0,-560.0,-0.68,1034.43,10.34,0.1637,0.2838,0.2799,rural,large,4.620000000000118,0.45
0419000,Powiat żniński,2024,989.0,67080.0,985.0,68.1,32983.0,34097.0,96.73,10910.0,19649.0,17535.0,-456.0,-0.68,1474.36,14.74,0.1626,0.2929,0.2614,rural,large,107.67999999999984,7.88
0461000,Powiat m. Bydgoszcz,2024,8048.0,324043.0,176.0,1841.15,151214.0,172829.0,87.49,43913.0,101140.0,82123.0,-2391.0,-0.73,2483.62,24.84,0.1355,0.3121,0.2534,metro,very_large,0.7300000000000182,0.03
0462000,Powiat m. Grudziądz,2024,2006.0,87696.0,58.0,1512.0,41550.0,46146.0,90.04,12380.0,26069.0,24008.0,-962.0,-1.09,2287.45,22.87,0.1412,0.2973,0.2738,metro,large,-249.26000000000022,-9.83
0463000,Powiat m. Toruń,2024,4561.0,193717.0,116.0,1669.97,89991.0,103726.0,86.76,27305.0,62542.0,47798.0,-1054.0,-0.54,2354.47,23.54,0.141,0.3229,0.2467,metro,very_large,-539.1800000000003,-18.63
0464000,Powiat m. Włocławek,2024,1881.0,99474.0,85.0,1170.28,46289.0,53185.0,87.03,13601.0,28432.0,28411.0,-1333.0,-1.32,1890.95,18.91,0.1367,0.2858,0.2856,metro,large,-4705.81,-71.34
0600000,LUBELSKIE,2024,30868.0,,,,,,,,,,,,,,,,,,,,
0601000,Powiat bialski,2024,1323.0,104108.0,2754.0,37.8,51985.0,52123.0,99.74,18281.0,29155.0,27245.0,-741.0,-0.71,1270.8,12.71,0.1756,0.28,0.2617,rural,very_large,-35.840000000000146,-2.74
0602000,Powiat biłgorajski,2024,788.0,95219.0,1681.0,56.64,46840.0,48379.0,96.82,15685.0,27661.0,25155.0,-939.0,-0.98,827.57,8.28,0.1647,0.2905,0.2642,rural,large,-123.9899999999999,-13.03
0603000,Powiat chełmski,2024,807.0,73117.0,1881.0,38.87,36311.0,36806.0,98.66,12158.0,21606.0,19539.0,-588.0,-0.8,1103.71,11.04,0.1663,0.2955,0.2672,rural,large,-6.119999999999891,-0.55
0604000,Powiat hrubieszowski,2024,722.0,55911.0,1270.0,44.02,27394.0,28517.0,96.06,8891.0,15424.0,15918.0,-872.0,-1.54,1291.34,12.91,0.159,0.2759,0.2847,rural,medium,-172.1300000000001,-11.76
0605000,Powiat janowski,2024,366.0,42260.0,876.0,48.24,20919.0,21341.0,98.02,7260.0,11605.0,11538.0,-536.0,-1.25,866.07,8.66,0.1718,0.2746,0.273,rural,medium,-47.569999999999936,-5.21
0606000,Powiat krasnostawski,2024,790.0,58307.0,1032.0,56.5,28433.0,29874.0,95.18,8833.0,16442.0,15929.0,-734.0,-1.24,1354.9,13.55,0.1515,0.282,0.2732,rural,medium,3.300000000000182,0.24
0607000,Powiat kraśnicki,2024,1117.0,88198.0,1005.0,87.76,42765.0,45433.0,94.13,13892.0,25017.0,23789.0,-1017.0,-1.14,1266.47,12.66,0.1575,0.2836,0.2697,rural,large,-28.160000000000082,-2.18
0608000,Powiat lubartowski,2024,983.0,83385.0,1289.0,64.69,40826.0,42559.0,95.93,13870.0,24367.0,21549.0,-590.0,-0.7,1178.87,11.79,0.1663,0.2922,0.2584,rural,large,85.68999999999983,7.84
0609000,Powiat lubelski,2024,1734.0,165359.0,1680.0,98.43,81245.0,84114.0,96.59,27876.0,50012.0,40927.0,890.0,0.54,1048.63,10.49,0.1686,0.3024,0.2475,rural,very_large,-16.00999999999999,-1.5
0610000,Powiat łęczyński,2024,969.0,55531.0,637.0,87.18,27219.0,28312.0,96.14,8892.0,17224.0,14179.0,-190.0,-0.34,1744.97,17.45,0.1601,0.3102,0.2553,rural,medium,368.47,26.77
0611000,Powiat łukowski,2024,1192.0,100230.0,1394.0,71.9,49592.0,50638.0,97.93,17905.0,27860.0,24424.0,-729.0,-0.72,1189.26,11.89,0.1786,0.278,0.2437,rural,very_large,-717.45,-37.63
0612000,Powiat opolski,2024,861.0,55078.0,811.0,67.91,26804.0,28274.0,94.8,8914.0,15769.0,14527.0,-572.0,-1.03,1563.24,15.63,0.1618,0.2863,0.2638,rural,medium,206.54999999999995,15.22
0613000,Powiat parczewski,2024,488.0,31832.0,952.0,33.44,15684.0,16148.0,97.13,5046.0,9102.0,8515.0,-391.0,-1.21,1533.05,15.33,0.1585,0.2859,0.2675,rural,medium,86.87999999999988,6.01
0614000,Powiat puławski,2024,1824.0,106181.0,934.0,113.68,50643.0,55538.0,91.19,16023.0,28924.0,29061.0,-839.0,-0.78,1717.82,17.18,0.1509,0.2724,0.2737,suburban,very_large,62.99000000000001,3.81
0615000,Powiat radzyński,2024,795.0,54531.0,965.0,56.51,27179.0,27352.0,99.37,9528.0,15101.0,14337.0,-490.0,-0.89,1457.89,14.58,0.1747,0.2769,0.2629,rural,medium,-6951.63,-82.66
0616000,Powiat rycki,2024,1008.0,50898.0,614.0,82.9,25082.0,25816.0,97.16,8441.0,13756.0,13380.0,-659.0,-1.28,1980.43,19.8,0.1658,0.2703,0.2629,rural,medium,-263.6899999999998,-11.75
0617000,Powiat świdnicki,2024,811.0,68991.0,468.0,147.42,33105.0,35886.0,92.25,10096.0,20336.0,18000.0,-283.0,-0.41,1175.52,11.76,0.1463,0.2948,0.2609,suburban,large,-192.96000000000004,-14.1
0618000,Powiat tomaszowski,2024,1010.0,76155.0,1487.0,51.21,37419.0,38736.0,96.6,12051.0,21501.0,21359.0,-861.0,-1.12,1326.24,13.26,0.1582,0.2823,0.2805,rural,large,-769.4300000000001,-36.72
0619000,Powiat włodawski,2024,456.0,34989.0,1256.0,27.86,17346.0,17643.0,98.32,5439.0,9838.0,9675.0,-410.0,-1.16,1303.27,13.03,0.1554,0.2812,0.2765,rural,medium,170.47000000000003,15.05
0620000,Powiat zamojski,2024,1366.0,100017.0,1870.0,53.49,49289.0,50728.0,97.16,16648.0,28372.0,27329.0,-736.0,-0.73,1365.77,13.66,0.1665,0.2837,0.2732,rural,very_large,394.09000000000003,40.56
0661000,Powiat m. Biała Podlaska,2024,1563.0,53888.0,49.0,1099.76,25664.0,28224.0,90.93,8065.0,15812.0,14463.0,-565.0,-1.04,2900.46,29.0,0.1497,0.2934,0.2684,metro,medium,-80.09000000000015,-2.69
0662000,Powiat m. Chełm,2024,1263.0,56434.0,40.0,1410.85,26153.0,30281.0,86.37,7487.0,16335.0,16303.0,-780.0,-1.36,2238.01,22.38,0.1327,0.2895,0.2889,metro,medium,-46.399999999999636,-2.03
0663000,Powiat m. Lublin,2024,7559.0,328305.0,147.0,2233.37,151501.0,176804.0,85.69,47497.0,104507.0,78166.0,-1260.0,-0.38,2302.43,23.02,0.1447,0.3183,0.2381,metro,very_large,154.44999999999982,7.19
0664000,Powiat m. Zamość,2024,1073.0,57516.0,30.0,1917.2,26730.0,30786.0,86.83,7860.0,17061.0,15987.0,-715.0,-1.23,1865.57,18.66,0.1367,0.2966,0.278,metro,medium,29.779999999999973,1.62
0800000,LUBUSKIE,2024,22435.0,,,,,,,,,,,,,,,,,,,,
0801000,Powiat gorzowski,2024,909.0,74079.0,1214.0,61.02,36799.0,37280.0,98.71,12168.0,23211.0,19072.0,182.0,0.25,1227.07,12.27,0.1643,0.3133,0.2575,rural,large,-498.29999999999995,-28.88
0802000,Powiat krośnieński,2024,857.0,52187.0,1390.0,37.54,25580.0,26607.0,96.14,8193.0,15977.0,13831.0,-530.0,-1.01,1642.17,16.42,0.157,0.3061,0.265,rural,medium,-410.2999999999997,-19.99
0803000,Powiat międzyrzecki,2024,1321.0,54439.0,1388.0,39.22,26670.0,27769.0,96.04,8232.0,16369.0,14496.0,-400.0,-0.73,2426.57,24.27,0.1512,0.3007,0.2663,rural,medium,672.3400000000001,38.33
0804000,Powiat nowosolski,2024,1772.0,81809.0,774.0,105.7,39732.0,42077.0,94.43,12872.0,24520.0,20994.0,-472.0,-0.57,2166.02,21.66,0.1573,0.2997,0.2566,suburban,large,-244.01000000000022,-10.12
0805000,Powiat słubicki,2024,1048.0,45679.0,999.0,45.72,22287.0,23392.0,95.28,7361.0,14369.0,12106.0,-175.0,-0.38,2294.27,22.94,0.1611,0.3146,0.265,rural,medium,-4658.23,-67.0
0806000,Powiat strzelecko-drezdenecki,2024,831.0,46204.0,1248.0,37.02,22740.0,23464.0,96.91,7357.0,13548.0,12343.0,-454.0,-0.97,1798.55,17.99,0.1592,0.2932,0.2671,rural,medium,231.82999999999993,14.8
0807000,Powiat sulęciński,2024,730.0,33191.0,1178.0,28.18,16572.0,16619.0,99.72,5178.0,10242.0,8699.0,-304.0,-0.91,2199.39,21.99,0.156,0.3086,0.2621,rural,medium,-63.63000000000011,-2.81
0808000,Powiat świebodziński,2024,1891.0,53609.0,937.0,57.21,26269.0,27340.0,96.08,8331.0,16205.0,13939.0,-352.0,-0.65,3527.39,35.27,0.1554,0.3023,0.26,rural,medium,1631.58,86.06
0809000,Powiat zielonogórski,2024,1164.0,74754.0,1351.0,55.33,36845.0,37909.0,97.19,11507.0,23409.0,19088.0,-323.0,-0.43,1557.11,15.57,0.1539,0.3131,0.2553,rural,large,-66.56000000000017,-4.1
0810000,Powiat żagański,2024,1697.0,72933.0,1131.0,64.49,35525.0,37408.0,94.97,11265.0,21697.0,19924.0,-671.0,-0.91,2326.79,23.27,0.1545,0.2975,0.2732,rural,large,-58.94999999999982,-2.47
0811000,Powiat żarski,2024,1622.0,90364.0,1393.0,64.87,43705.0,46659.0,93.67,14226.0,27436.0,24082.0,-846.0,-0.93,1794.96,17.95,0.1574,0.3036,0.2665,rural,large,-163.15999999999985,-8.33
0812000,Powiat wschowski,2024,641.0,37002.0,624.0,59.3,18220.0,18782.0,97.01,6160.0,10926.0,9547.0,-249.0,-0.67,1732.34,17.32,0.1665,0.2953,0.258,rural,medium,-240.76,-12.2
0861000,Powiat m. Gorzów Wielkopolski,2024,4167.0,114700.0,86.0,1333.72,53860.0,60840.0,88.53,15694.0,35950.0,29565.0,-547.0,-0.47,3632.96,36.33,0.1368,0.3134,0.2578,metro,very_large,919.6599999999999,33.89
0862000,Powiat m. Zielona Góra,2024,3785.0,138869.0,275.0,504.98,65667.0,73202.0,89.71,19070.0,45182.0,33535.0,-63.0,-0.05,2725.59,27.26,0.1373,0.3254,0.2415,urban,very_large,-114.64999999999964,-4.04
1000000,ŁÓDZKIE,2024,44490.0,,,,,,,,,,,,,,,,,,,,
1001000,Powiat bełchatowski,2024,1919.0,108003.0,968.0,111.57,52716.0,55287.0,95.35,15864.0,33083.0,29028.0,-596.0,-0.55,1776.8,17.77,0.1469,0.3063,0.2688,suburban,very_large,83.40999999999985,4.93
1002000,Powiat kutnowski,2024,1561.0,89709.0,887.0,101.14,42965.0,46744.0,91.92,12835.0,25289.0,25675.0,-962.0,-1.06,1740.07,17.4,0.1431,0.2819,0.2862,suburban,large,-94.02999999999997,-5.13
1003000,Powiat łaski,2024,1130.0,48498.0,618.0,78.48,23575.0,24923.0,94.59,7237.0,14222.0,13118.0,-244.0,-0.5,2329.99,23.3,0.1492,0.2932,0.2705,rural,medium,977.9699999999998,72.33
1004000,Powiat łęczycki,2024,680.0,46137.0,773.0,59.69,22439.0,23698.0,94.69,7144.0,12695.0,12798.0,-529.0,-1.13,1473.87,14.74,0.1548,0.2752,0.2774,rural,medium,138.8499999999999,10.4
1005000,Powiat łowicki,2024,1132.0,73368.0,988.0,74.26,35446.0,37922.0,93.47,11536.0,20667.0,19664.0,-641.0,-0.87,1542.91,15.43,0.1572,0.2817,0.268,rural,large,-791.9399999999998,-33.92
1006000,Powiat łódzki wschodni,2024,911.0,75149.0,500.0,150.3,36119.0,39030.0,92.54,11571.0,22171.0,19985.0,443.0,0.59,1212.26,12.12,0.154,0.295,0.2659,suburban,large,-365.93000000000006,-23.19
1007000,Powiat opoczyński,2024,879.0,71234.0,1040.0,68.49,35088.0,36146.0,97.07,12184.0,19726.0,18680.0,-542.0,-0.76,1233.96,12.34,0.171,0.2769,0.2622,rural,large,63.65000000000009,5.44
1008000,Powiat pabianicki,2024,4178.0,118704.0,492.0,241.27,56051.0,62653.0,89.46,16431.0,35969.0,31248.0,-362.0,-0.3,3519.68,35.2,0.1384,0.303,0.2632,suburban,very_large,2183.45,163.4
1009000,Powiat pajęczański,2024,408.0,48086.0,804.0,59.81,23875.0,24211.0,98.61,7697.0,13459.0,13141.0,-489.0,-1.01,848.48,8.48,0.1601,0.2799,0.2733,rural,medium,-117.03999999999996,-12.12
1010000,Powiat piotrkowski,2024,1003.0,89717.0,1429.0,62.78,44171.0,45546.0,96.98,15427.0,25967.0,22874.0,-404.0,-0.45,1117.96,11.18,0.172,0.2894,0.255,rural,large,-118.15999999999985,-9.56
1011000,Powiat poddębicki,2024,650.0,39169.0,881.0,44.46,19369.0,19800.0,97.82,5934.0,11012.0,10668.0,-187.0,-0.48,1659.48,16.59,0.1515,0.2811,0.2724,rural,medium,122.23000000000002,7.95
1012000,Powiat radomszczański,2024,1507.0,105623.0,1443.0,73.2,51679.0,53944.0,95.8,16459.0,29772.0,29085.0,-1048.0,-0.98,1426.77,14.27,0.1558,0.2819,0.2754,rural,very_large,87.13999999999987,6.5
1013000,Powiat rawski,2024,798.0,45664.0,646.0,70.69,22484.0,23180.0,97.0,7168.0,12996.0,12009.0,-418.0,-0.91,1747.55,17.48,0.157,0.2846,0.263,rural,medium,-899.8999999999999,-33.99
1014000,Powiat sieradzki,2024,1863.0,110665.0,1491.0,74.22,53950.0,56715.0,95.12,17705.0,31096.0,29952.0,-812.0,-0.73,1683.46,16.83,0.16,0.281,0.2707,rural,very_large,-5239.04,-75.68
1015000,Powiat skierniewicki,2024,381.0,37670.0,753.0,50.03,18748.0,18922.0,99.08,6222.0,10935.0,9459.0,-117.0,-0.31,1011.41,10.11,0.1652,0.2903,0.2511,rural,medium,71.92999999999995,7.66
1016000,Powiat tomaszowski,2024,2986.0,109588.0,1025.0,106.92,52402.0,57186.0,91.63,17055.0,31142.0,28985.0,-1046.0,-0.95,2724.75,27.25,0.1556,0.2842,0.2645,suburban,very_large,-324.9499999999998,-10.66
1017000,Powiat wieluński,2024,1103.0,72013.0,926.0,77.77,35105.0,36908.0,95.11,11540.0,20368.0,19390.0,-573.0,-0.79,1531.67,15.32,0.1602,0.2828,0.2693,rural,large,319.32000000000016,26.34
1018000,Powiat wieruszowski,2024,511.0,41295.0,577.0,71.57,20407.0,20888.0,97.7,6905.0,12191.0,10582.0,-157.0,-0.38,1237.44,12.37,0.1672,0.2952,0.2563,rural,medium,-19.440000000000055,-1.55
1019000,Powiat zduńskowolski,2024,1006.0,62876.0,369.0,170.4,30388.0,32488.0,93.54,9547.0,18425.0,16747.0,-450.0,-0.71,1599.97,16.0,0.1518,0.293,0.2663,suburban,large,-1681.4599999999998,-51.24
1020000,Powiat zgierski,2024,2496.0,165840.0,855.0,193.96,79097.0,86743.0,91.19,24283.0,48993.0,44084.0,-500.0,-0.3,1505.07,15.05,0.1464,0.2954,0.2658,suburban,very_large,-152.3800000000001,-9.19
1021000,Powiat brzeziński,2024,347.0,30080.0,359.0,83.79,14521.0,15559.0,93.33,4634.0,8856.0,7895.0,-79.0,-0.26,1153.59,11.54,0.1541,0.2944,0.2625,rural,medium,-93.1400000000001,-7.47
1061000,Powiat m. Łódź,2024,14591.0,645693.0,293.0,2203.73,294857.0,350836.0,84.04,84229.0,201122.0,163647.0,-6322.0,-0.97,2259.74,22.6,0.1304,0.3115,0.2534,metro,very_large,-24.5600000000004,-1.08
1062000,Powiat m. Piotrków Trybunalski,2024,1597.0,66022.0,67.0,985.4,30851.0,35171.0,87.72,9667.0,18984.0,17506.0,-497.0,-0.75,2418.89,24.19,0.1464,0.2875,0.2652,urban,large,-620.8400000000001,-20.42
1063000,Powiat m. Skierniewice,2024,853.0,45121.0,35.0,1289.17,21384.0,23737.0,90.09,6492.0,13045.0,11912.0,-63.0,-0.14,1890.47,18.9,0.1439,0.2891,0.264,metro,medium,-462.1299999999999,-19.64
1200000,MAŁOPOLSKIE,2024,79301.0,,,,,,,,,,,,,,,,,,,,
1201000,Powiat bocheński,2024,1471.0,106985.0,649.0,164.85,52765.0,54220.0,97.32,18004.0,32290.0,25386.0,39.0,0.04,1374.96,13.75,0.1683,0.3018,0.2373,suburban,very_large,19.1400000000001,1.41
1202000,Powiat brzeski,2024,2702.0,91340.0,591.0,154.55,45165.0,46175.0,97.81,15629.0,27248.0,22697.0,-330.0,-0.36,2958.18,29.58,0.1711,0.2983,0.2485,suburban,large,865.8899999999999,41.38
1203000,Powiat chrzanowski,2024,2951.0,117756.0,370.0,318.26,56761.0,60995.0,93.06,16421.0,34999.0,32711.0,-928.0,-0.78,2506.03,25.06,0.1394,0.2972,0.2778,urban,very_large,-2899.0799999999995,-53.64
1204000,Powiat dąbrowski,2024,944.0,57253.0,530.0,108.02,28401.0,28852.0,98.44,9411.0,17582.0,14720.0,-297.0,-0.52,1648.82,16.49,0.1644,0.3071,0.2571,suburban,medium,180.52999999999997,12.3
1205000,Powiat gorlicki,2024,1475.0,104592.0,966.0,108.27,51703.0,52889.0,97.76,17644.0,30086.0,27072.0,-730.0,-0.69,1410.24,14.1,0.1687,0.2877,0.2588,suburban,very_large,46.799999999999955,3.43
1206000,Powiat krakowski,2024,2453.0,304278.0,1230.0,247.38,149301.0,154977.0,96.34,47800.0,96175.0,73438.0,1931.0,0.64,806.17,8.06,0.1571,0.3161,0.2414,suburban,very_large,-55.42000000000007,-6.43
1207000,Powiat limanowski,2024,1260.0,131626.0,951.0,138.41,65730.0,65896.0,99.75,25500.0,37251.0,30230.0,-28.0,-0.02,957.26,9.57,0.1937,0.283,0.2297,suburban,very_large,16.91999999999996,1.8
1208000,Powiat miechowski,2024,605.0,46305.0,676.0,68.5,22689.0,23616.0,96.07,7024.0,13246.0,11959.0,-362.0,-0.78,1306.55,13.07,0.1517,0.2861,0.2583,rural,medium,-101.29999999999995,-7.2
1209000,Powiat myślenicki,2024,1423.0,129984.0,673.0,193.14,64391.0,65593.0,98.17,22761.0,39483.0,30894.0,141.0,0.11,1094.75,10.95,0.1751,0.3038,0.2377,suburban,very_large,228.32000000000005,26.35
1210000,Powiat nowosądecki,2024,21910.0,214876.0,1550.0,138.63,107039.0,107837.0,99.26,41158.0,61313.0,50757.0,-158.0,-0.07,10196.58,101.97,0.1915,0.2853,0.2362,suburban,very_large,7888.57,341.79
1211000,Powiat nowotarski,2024,3038.0,189984.0,1475.0,128.8,92781.0,97203.0,95.45,33949.0,56305.0,46422.0,-123.0,-0.06,1599.08,15.99,0.1787,0.2964,0.2443,suburban,very_large,406.5899999999999,34.1
1212000,Powiat olkuski,2024,1925.0,105000.0,618.0,169.9,50904.0,54096.0,94.1,15186.0,30768.0,28391.0,-900.0,-0.85,1833.33,18.33,0.1446,0.293,0.2704,suburban,very_large,412.17999999999984,29.0
1213000,Powiat oświęcimski,2024,2933.0,147678.0,406.0,363.74,71484.0,76194.0,93.82,22209.0,43637.0,39342.0,-737.0,-0.5,1986.08,19.86,0.1504,0.2955,0.2664,urban,very_large,629.0699999999999,46.36
1214000,Powiat proszowicki,2024,370.0,41929.0,415.0,101.03,20666.0,21263.0,97.19,6755.0,12400.0,10776.0,-76.0,-0.18,882.44,8.82,0.1611,0.2957,0.257,suburban,medium,308.70000000000005,53.8
1215000,Powiat suski,2024,1384.0,82546.0,686.0,120.33,40709.0,41837.0,97.3,14667.0,24099.0,20487.0,-340.0,-0.41,1676.64,16.77,0.1777,0.2919,0.2482,suburban,large,535.3100000000002,46.9
1216000,Powiat tarnowski,2024,3425.0,197119.0,1412.0,139.6,97798.0,99321.0,98.47,34176.0,58396.0,50347.0,-216.0,-0.11,1737.53,17.38,0.1734,0.2962,0.2554,suburban,very_large,824.87,90.38
1217000,Powiat tatrzański,2024,1522.0,66346.0,472.0,140.56,31975.0,34371.0,93.03,10735.0,19924.0,16519.0,-132.0,-0.2,2294.03,22.94,0.1618,0.3003,0.249,suburban,large,-87.20999999999958,-3.66
1218000,Powiat wadowicki,2024,2214.0,157099.0,646.0,243.19,77078.0,80021.0,96.32,26262.0,46791.0,39761.0,-374.0,-0.24,1409.3,14.09,0.1672,0.2978,0.2531,suburban,very_large,-93.18000000000006,-6.2
1219000,Powiat wielicki,2024,1409.0,145276.0,411.0,353.47,71326.0,73950.0,96.45,22595.0,48633.0,32553.0,1648.0,1.15,969.88,9.7,0.1555,0.3348,0.2241,urban,very_large,-43.14999999999998,-4.26
1261000,Powiat m. Kraków,2024,19482.0,809168.0,327.0,2474.52,377912.0,431256.0,87.63,119020.0,291845.0,170225.0,2967.0,0.37,2407.66,24.08,0.1471,0.3607,0.2104,metro,very_large,-507.25,-17.4
1262000,Powiat m. Nowy Sącz,2024,1903.0,79821.0,58.0,1376.22,38070.0,41751.0,91.18,12177.0,23788.0,20368.0,-537.0,-0.67,2384.08,23.84,0.1526,0.298,0.2552,metro,large,-312.5999999999999,-11.59
1263000,Powiat m. Tarnów,2024,2502.0,102123.0,72.0,1418.38,47927.0,54196.0,88.43,13537.0,30681.0,27736.0,-1006.0,-0.98,2449.99,24.5,0.1326,0.3004,0.2716,metro,very_large,-2005.5900000000001,-45.01
1400000,MAZOWIECKIE,2024,120504.0,,,,,,,,,,,,,,,,,,,,
1401000,Powiat białobrzeski,2024,395.0,32350.0,639.0,50.63,16290.0,16060.0,101.43,5766.0,9279.0,7973.0,-170.0,-0.52,1221.02,12.21,0.1782,0.2868,0.2465,rural,medium,-52.039999999999964,-4.09
1402000,Powiat ciechanowski,2024,1194.0,84565.0,1060.0,79.78,41476.0,43089.0,96.26,13271.0,24159.0,23006.0,-602.0,-0.71,1411.93,14.12,0.1569,0.2857,0.2721,rural,large,-173.18999999999983,-10.93
1403000,Powiat garwoliński,2024,1573.0,105213.0,1285.0,81.88,52143.0,53070.0,98.25,18494.0,30158.0,24970.0,-297.0,-0.28,1495.06,14.95,0.1758,0.2866,0.2373,rural,very_large,393.74,35.75
1404000,Powiat gostyniński,2024,445.0,41756.0,615.0,67.9,20247.0,21509.0,94.13,6532.0,11847.0,11606.0,-482.0,-1.14,1065.72,10.66,0.1564,0.2837,0.2779,rural,medium,-170.12999999999988,-13.77
1405000,Powiat grodziski,2024,1424.0,106973.0,367.0,291.48,51604.0,55369.0,93.2,16241.0,33624.0,25309.0,1266.0,1.2,1331.18,13.31,0.1518,0.3143,0.2366,suburban,very_large,-153.1099999999999,-10.32
1406000,Powiat grójecki,2024,2180.0,96662.0,1268.0,76.23,47516.0,49146.0,96.68,15264.0,28154.0,24741.0,-367.0,-0.38,2255.28,22.55,0.1579,0.2913,0.256,rural,large,460.97000000000025,25.69
1407000,Powiat kozienicki,2024,852.0,56754.0,916.0,61.96,27868.0,28886.0,96.48,8980.0,15763.0,15230.0,-399.0,-0.7,1501.22,15.01,0.1582,0.2777,0.2684,rural,medium,159.21000000000004,11.86
1408000,Powiat legionowski,2024,2394.0,133097.0,391.0,340.4,64296.0,68801.0,93.45,20909.0,43032.0,30444.0,1250.0,0.95,1798.69,17.99,0.1571,0.3233,0.2287,urban,very_large,-24.639999999999873,-1.35
1409000,Powiat lipski,2024,354.0,31251.0,740.0,42.23,15467.0,15784.0,97.99,4754.0,8430.0,8743.0,-310.0,-0.98,1132.76,11.33,0.1521,0.2698,0.2798,rural,medium,112.50999999999999,11.03
1410000,Powiat łosicki,2024,352.0,28338.0,772.0,36.71,14204.0,14134.0,100.5,4549.0,7682.0,7518.0,-290.0,-1.01,1242.15,12.42,0.1605,0.2711,0.2653,rural,small,-396.1099999999999,-24.18
1411000,Powiat makowski,2024,492.0,41254.0,1065.0,38.74,20515.0,20739.0,98.92,7143.0,11107.0,11058.0,-482.0,-1.15,1192.61,11.93,0.1731,0.2692,0.268,rural,medium,-719.4100000000001,-37.63
1412000,Powiat miński,2024,1673.0,159535.0,1164.0,137.06,77918.0,81617.0,95.47,25984.0,48713.0,38077.0,147.0,0.09,1048.67,10.49,0.1629,0.3053,0.2387,suburban,very_large,-69.98000000000002,-6.26
1413000,Powiat mławski,2024,1376.0,68556.0,1182.0,58.0,33605.0,34951.0,96.15,11566.0,19650.0,18050.0,-518.0,-0.75,2007.12,20.07,0.1687,0.2866,0.2633,rural,large,54.13999999999987,2.77
1414000,Powiat nowodworski,2024,1444.0,79351.0,695.0,114.17,38856.0,40495.0,95.95,12318.0,24246.0,20381.0,-220.0,-0.28,1819.76,18.2,0.1552,0.3056,0.2568,suburban,large,-133.21000000000004,-6.82
1415000,Powiat ostrołęcki,2024,14962.0,87397.0,2093.0,41.76,44270.0,43127.0,102.65,16090.0,25419.0,22000.0,-97.0,-0.11,17119.58,171.2,0.1841,0.2908,0.2517,rural,large,15842.920000000002,1240.97
1416000,Powiat ostrowski,2024,893.0,67854.0,1218.0,55.71,33392.0,34462.0,96.9,11517.0,18716.0,17951.0,-558.0,-0.82,1316.06,13.16,0.1697,0.2758,0.2646,rural,large,-120.82000000000016,-8.41
1417000,Powiat otwocki,2024,2153.0,126669.0,616.0,205.63,60821.0,65848.0,92.37,19320.0,36936.0,32010.0,-110.0,-0.09,1699.71,17.0,0.1525,0.2916,0.2527,suburban,very_large,-106.57999999999993,-5.9
1418000,Powiat piaseczyński,2024,3396.0,217738.0,621.0,350.62,105012.0,112726.0,93.16,33775.0,71391.0,49858.0,2650.0,1.23,1559.67,15.6,0.1551,0.3279,0.229,urban,very_large,-276.31999999999994,-15.05
1419000,Powiat płocki,2024,1055.0,109144.0,1797.0,60.74,54180.0,54964.0,98.57,18562.0,31990.0,28743.0,-387.0,-0.35,966.61,9.67,0.1701,0.2931,0.2633,rural,very_large,-57.75999999999988,-5.64
1420000,Powiat płoński,2024,1398.0,83436.0,1380.0,60.46,40953.0,42483.0,96.4,13943.0,23894.0,21949.0,-570.0,-0.68,1675.54,16.76,0.1671,0.2864,0.2631,rural,large,-4381.17,-72.34
1421000,Powiat pruszkowski,2024,3229.0,181026.0,246.0,735.88,86561.0,94465.0,91.63,26048.0,57888.0,42397.0,1359.0,0.76,1783.72,17.84,0.1439,0.3198,0.2342,urban,very_large,-99.75999999999999,-5.3
1422000,Powiat przasnyski,2024,756.0,48615.0,1219.0,39.88,24243.0,24372.0,99.47,8419.0,13465.0,12647.0,-422.0,-0.86,1555.08,15.55,0.1732,0.277,0.2601,rural,medium,-108.97000000000003,-6.55
1423000,Powiat przysuski,2024,439.0,38291.0,802.0,47.74,18983.0,19308.0,98.32,6437.0,10290.0,10548.0,-330.0,-0.85,1146.48,11.46,0.1681,0.2687,0.2755,rural,medium,165.14999999999998,16.83
1424000,Powiat pułtuski,2024,1311.0,50163.0,827.0,60.66,24795.0,25368.0,97.74,8497.0,14561.0,12856.0,-148.0,-0.29,2613.48,26.13,0.1694,0.2903,0.2563,rural,medium,770.94,41.84
1425000,Powiat radomski,2024,1727.0,151367.0,1530.0,98.93,75009.0,76358.0,98.23,26717.0,45270.0,37188.0,36.0,0.02,1140.94,11.41,0.1765,0.2991,0.2457,rural,very_large,17.570000000000164,1.56
1426000,Powiat siedlecki,2024,672.0,80446.0,1603.0,50.18,40273.0,40173.0,100.25,14316.0,22990.0,19466.0,5.0,0.01,835.34,8.35,0.178,0.2858,0.242,rural,large,-193.9899999999999,-18.85
1427000,Powiat sierpecki,2024,637.0,47742.0,852.0,56.04,23558.0,24184.0,97.41,8200.0,13341.0,13005.0,-517.0,-1.07,1334.25,13.34,0.1718,0.2794,0.2724,rural,medium,188.3499999999999,16.44
1428000,Powiat sochaczewski,2024,2222.0,82854.0,735.0,112.73,40245.0,42609.0,94.45,12986.0,24594.0,21344.0,-320.0,-0.38,2681.83,26.82,0.1567,0.2968,0.2576,suburban,large,-730.29,-21.4
1429000,Powiat sokołowski,2024,735.0,49551.0,1131.0,43.81,24591.0,24960.0,98.52,7937.0,13368.0,13440.0,-513.0,-1.02,1483.32,14.83,0.1602,0.2698,0.2712,rural,medium,-488.1600000000001,-24.76
1430000,Powiat szydłowiecki,2024,508.0,37244.0,452.0,82.4,18504.0,18740.0,98.74,6331.0,10923.0,9654.0,-256.0,-0.68,1363.98,13.64,0.17,0.2933,0.2592,rural,medium,139.98000000000002,11.44
1432000,Powiat warszawski zachodni,2024,2328.0,136493.0,534.0,255.6,66139.0,70354.0,94.01,20614.0,42805.0,32762.0,1277.0,0.94,1705.58,17.06,0.151,0.3136,0.24,suburban,very_large,224.99,15.2
1433000,Powiat węgrowski,2024,831.0,61472.0,1220.0,50.39,30549.0,30923.0,98.79,10085.0,17004.0,15666.0,-436.0,-0.7,1351.83,13.52,0.1641,0.2766,0.2548,rural,large,-643.0700000000002,-32.24
1434000,Powiat wołomiński,2024,5306.0,277725.0,954.0,291.12,134651.0,143074.0,94.11,44827.0,92931.0,60858.0,1854.0,0.67,1910.52,19.11,0.1614,0.3346,0.2191,suburban,very_large,-544.6100000000001,-22.18
1435000,Powiat wyszkowski,2024,1287.0,73179.0,877.0,83.44,36236.0,36943.0,98.09,12356.0,21485.0,18258.0,-262.0,-0.36,1758.7,17.59,0.1688,0.2936,0.2495,rural,large,181.92000000000007,11.54
1436000,Powiat zwoleński,2024,426.0,34091.0,573.0,59.5,16953.0,17138.0,98.92,5706.0,9823.0,8857.0,-197.0,-0.57,1249.6,12.5,0.1674,0.2881,0.2598,rural,medium,-39.48000000000002,-3.06
1437000,Powiat żuromiński,2024,422.0,35122.0,806.0,43.58,17321.0,17801.0,97.3,6083.0,9342.0,9709.0,-364.0,-1.03,1201.53,12.02,0.1732,0.266,0.2764,rural,medium,23.59999999999991,2.0
1438000,Powiat żyrardowski,2024,3616.0,74935.0,532.0,140.86,35959.0,38976.0,92.26,11668.0,22437.0,18961.0,-218.0,-0.29,4825.52,48.26,0.1557,0.2994,0.253,suburban,large,2842.9000000000005,143.39
1461000,Powiat m. Ostrołęka,2024,850.0,47696.0,33.0,1445.33,22502.0,25194.0,89.31,6780.0,13786.0,13116.0,-533.0,-1.11,1782.12,17.82,0.1422,0.289,0.275,metro,medium,-1209.8600000000001,-40.44
1462000,Powiat m. Płock,2024,2119.0,110015.0,88.0,1250.17,51608.0,58407.0,88.36,15287.0,33083.0,28967.0,-1175.0,-1.06,1926.1,19.26,0.139,0.3007,0.2633,metro,very_large,-68.68000000000006,-3.44
1463000,Powiat m. Radom,2024,4279.0,193777.0,112.0,1730.15,91693.0,102084.0,89.82,28229.0,57194.0,51610.0,-2228.0,-1.14,2208.21,22.08,0.1457,0.2952,0.2663,metro,very_large,20.0,0.91
1464000,Powiat m. Siedlce,2024,1405.0,74780.0,32.0,2336.88,35331.0,39449.0,89.56,10777.0,22991.0,17650.0,-517.0,-0.69,1878.84,18.79,0.1441,0.3074,0.236,metro,large,-53.50999999999999,-2.77
1465000,Powiat m. st. Warszawa,2024,45394.0,1863845.0,517.0,3605.12,861340.0,1002505.0,85.92,260898.0,672533.0,386748.0,2246.0,0.12,2435.5,24.36,0.14,0.3608,0.2075,metro,,-530.1199999999999,-17.88
1600000,OPOLSKIE,2024,15367.0,,,,,,,,,,,,,,,,,,,,
1601000,Powiat brzeski,2024,1480.0,85613.0,876.0,97.73,41647.0,43966.0,94.73,13187.0,25883.0,22773.0,-536.0,-0.62,1728.71,17.29,0.154,0.3023,0.266,rural,large,-807.5900000000001,-31.84
1602000,Powiat głubczycki,2024,670.0,42092.0,673.0,62.54,20730.0,21362.0,97.04,6189.0,12074.0,12237.0,-516.0,-1.21,1591.75,15.92,0.147,0.2868,0.2907,rural,medium,361.93000000000006,29.43
1603000,Powiat kędzierzyńsko-kozielski,2024,1269.0,85435.0,625.0,136.7,41024.0,44411.0,92.37,11736.0,25235.0,24711.0,-726.0,-0.84,1485.34,14.85,0.1374,0.2954,0.2892,suburban,large,228.38999999999987,18.17
1604000,Powiat kluczborski,2024,1210.0,60536.0,852.0,71.05,29648.0,30888.0,95.99,8660.0,18251.0,17239.0,-700.0,-1.14,1998.81,19.99,0.1431,0.3015,0.2848,rural,large,614.0,44.34
1605000,Powiat krapkowicki,2024,918.0,59288.0,442.0,134.14,28509.0,30779.0,92.62,8269.0,18279.0,16732.0,-359.0,-0.6,1548.37,15.48,0.1395,0.3083,0.2822,suburban,medium,-64.45000000000005,-4.0
1606000,Powiat namysłowski,2024,636.0,41753.0,748.0,55.82,20399.0,21354.0,95.53,6321.0,12703.0,10927.0,-280.0,-0.67,1523.24,15.23,0.1514,0.3042,0.2617,rural,medium,288.5,23.37
1607000,Powiat nyski,2024,2528.0,126897.0,1224.0,103.67,61377.0,65520.0,93.68,18323.0,37935.0,35415.0,-1095.0,-0.86,1992.17,19.92,0.1444,0.2989,0.2791,suburban,very_large,-1.699999999999818,-0.09
1608000,Powiat oleski,2024,770.0,60798.0,973.0,62.49,29582.0,31216.0,94.77,8705.0,17625.0,17462.0,-483.0,-0.79,1266.49,12.66,0.1432,0.2899,0.2872,rural,large,-505.6700000000001,-28.53
1609000,Powiat opolski,2024,1223.0,120754.0,1534.0,78.72,58776.0,61978.0,94.83,16789.0,36975.0,34530.0,-87.0,-0.07,1012.8,10.13,0.139,0.3062,0.286,rural,very_large,-4.240000000000009,-0.42
1610000,Powiat prudnicki,2024,792.0,50875.0,571.0,89.1,24477.0,26398.0,92.72,7458.0,15042.0,14177.0,-568.0,-1.1,1556.76,15.57,0.1466,0.2957,0.2787,rural,medium,131.87999999999988,9.26
1611000,Powiat strzelecki,2024,842.0,70763.0,744.0,95.11,34519.0,36244.0,95.24,9733.0,21959.0,19761.0,-494.0,-0.69,1189.89,11.9,0.1375,0.3103,0.2793,rural,large,-423.99,-26.27
1661000,Powiat m. Opole,2024,3029.0,125492.0,149.0,842.23,58724.0,66768.0,87.95,16380.0,40722.0,30953.0,-585.0,-0.46,2413.7,24.14,0.1305,0.3245,0.2467,urban,very_large,-53.840000000000146,-2.18
1800000,PODKARPACKIE,2024,25689.0,,,,,,,,,,,,,,,,,,,,
1801000,Powiat bieszczadzki,2024,246.0,20423.0,1139.0,17.93,10025.0,10398.0,96.41,3294.0,6144.0,5677.0,-178.0,-0.86,1204.52,12.05,0.1613,0.3008,0.278,rural,small,-285.70000000000005,-19.17
1802000,Powiat brzozowski,2024,750.0,62822.0,539.0,116.55,31087.0,31735.0,97.96,10969.0,18063.0,16095.0,-381.0,-0.6,1193.85,11.94,0.1746,0.2875,0.2562,suburban,large,467.6199999999999,64.39
1803000,Powiat dębicki,2024,1770.0,131981.0,777.0,169.86,65182.0,66799.0,97.58,21748.0,39939.0,33470.0,-634.0,-0.48,1341.1,13.41,0.1648,0.3026,0.2536,suburban,very_large,-55.42000000000007,-3.97
1804000,Powiat jarosławski,2024,972.0,115103.0,1029.0,111.86,56266.0,58837.0,95.63,19115.0,34305.0,29771.0,-762.0,-0.66,844.46,8.44,0.1661,0.298,0.2586,suburban,very_large,42.66000000000008,5.32
1805000,Powiat jasielski,2024,1058.0,108084.0,831.0,130.06,53097.0,54987.0,96.56,17421.0,31524.0,29562.0,-735.0,-0.68,978.87,9.79,0.1612,0.2917,0.2735,suburban,very_large,15.799999999999955,1.64
1806000,Powiat kolbuszowski,2024,610.0,60895.0,773.0,78.78,30304.0,30591.0,99.06,10602.0,18498.0,15384.0,-265.0,-0.43,1001.72,10.02,0.1741,0.3038,0.2526,rural,large,-203.31999999999994,-16.87
1807000,Powiat krośnieński,2024,1158.0,108034.0,992.0,108.91,53202.0,54832.0,97.03,18176.0,31410.0,28034.0,-625.0,-0.58,1071.88,10.72,0.1682,0.2907,0.2595,suburban,very_large,157.09000000000015,17.17
1808000,Powiat leżajski,2024,639.0,66263.0,584.0,113.46,32674.0,33589.0,97.28,11364.0,19437.0,17250.0,-435.0,-0.65,964.34,9.64,0.1715,0.2933,0.2603,suburban,large,91.75,10.51
1809000,Powiat lubaczowski,2024,457.0,51997.0,1308.0,39.75,25776.0,26221.0,98.3,8593.0,15201.0,14182.0,-568.0,-1.08,878.9,8.79,0.1653,0.2923,0.2727,rural,medium,106.51999999999998,13.79
1810000,Powiat łańcucki,2024,1346.0,80749.0,452.0,178.65,39785.0,40964.0,97.12,13364.0,24518.0,19199.0,-95.0,-0.12,1666.89,16.67,0.1655,0.3036,0.2378,suburban,large,312.43000000000006,23.07
1811000,Powiat mielecki,2024,1853.0,132484.0,881.0,150.38,65155.0,67329.0,96.77,21305.0,40492.0,32722.0,-499.0,-0.38,1398.66,13.99,0.1608,0.3056,0.247,suburban,very_large,60.1400000000001,4.49
1812000,Powiat niżański,2024,1232.0,63189.0,786.0,80.39,31076.0,32113.0,96.77,10410.0,18852.0,17369.0,-544.0,-0.85,1949.71,19.5,0.1647,0.2983,0.2749,rural,large,1017.7,109.19
1813000,Powiat przemyski,2024,579.0,70688.0,1211.0,58.37,35271.0,35417.0,99.59,12441.0,20710.0,18637.0,-443.0,-0.62,819.09,8.19,0.176,0.293,0.2637,rural,large,19.160000000000082,2.4
1814000,Powiat przeworski,2024,839.0,75370.0,698.0,107.98,37058.0,38312.0,96.73,12969.0,22305.0,19202.0,-369.0,-0.49,1113.18,11.13,0.1721,0.2959,0.2548,suburban,large,233.84000000000003,26.59
1815000,Powiat ropczycko-sędziszowski,2024,954.0,74083.0,548.0,135.19,36603.0,37480.0,97.66,12728.0,22426.0,17683.0,56.0,0.08,1287.74,12.88,0.1718,0.3027,0.2387,suburban,large,355.65,38.16
1816000,Powiat rzeszowski,2024,1472.0,176821.0,1145.0,154.43,87577.0,89244.0,98.13,29490.0,54887.0,41754.0,1044.0,0.59,832.48,8.32,0.1668,0.3104,0.2361,suburban,very_large,58.200000000000045,7.52
1817000,Powiat sanocki,2024,1564.0,89001.0,1156.0,76.99,43443.0,45558.0,95.36,14174.0,26272.0,23781.0,-742.0,-0.83,1757.28,17.57,0.1593,0.2952,0.2672,rural,large,646.3299999999999,58.18
1818000,Powiat stalowowolski,2024,1236.0,100034.0,832.0,120.23,48464.0,51570.0,93.98,14730.0,30240.0,26513.0,-857.0,-0.85,1235.58,12.36,0.1472,0.3023,0.265,suburban,very_large,273.15999999999997,28.38
1819000,Powiat strzyżowski,2024,534.0,58775.0,503.0,116.85,29178.0,29597.0,98.58,9940.0,17378.0,15349.0,-426.0,-0.72,908.55,9.09,0.1691,0.2957,0.2611,suburban,medium,148.42999999999995,19.53
1820000,Powiat tarnobrzeski,2024,519.0,50550.0,521.0,97.02,24754.0,25796.0,95.96,8193.0,14942.0,13552.0,-385.0,-0.76,1026.71,10.27,0.1621,0.2956,0.2681,rural,medium,-2495.43,-70.85
1821000,Powiat leski,2024,354.0,25224.0,835.0,30.21,12381.0,12843.0,96.4,3851.0,7487.0,6918.0,-173.0,-0.68,1403.43,14.03,0.1527,0.2968,0.2743,rural,small,395.44000000000005,39.23
1861000,Powiat m. Krosno,2024,898.0,43594.0,45.0,968.76,20527.0,23067.0,88.99,5848.0,13056.0,11396.0,-466.0,-1.06,2059.92,20.6,0.1341,0.2995,0.2614,urban,medium,-740.81,-26.45
1862000,Powiat m. Przemyśl,2024,968.0,55292.0,46.0,1202.0,25842.0,29450.0,87.75,7401.0,16124.0,15705.0,-758.0,-1.35,1750.71,17.51,0.1339,0.2916,0.284,metro,medium,75.42000000000007,4.5
1863000,Powiat m. Rzeszów,2024,2931.0,198317.0,129.0,1537.34,94162.0,104155.0,90.41,28696.0,68415.0,42873.0,1049.0,0.53,1477.94,14.78,0.1447,0.345,0.2162,metro,very_large,-394.6399999999999,-21.07
1864000,Powiat m. Tarnobrzeg,2024,750.0,43224.0,85.0,508.52,20542.0,22682.0,90.57,5949.0,12326.0,12499.0,-488.0,-1.12,1735.15,17.35,0.1376,0.2852,0.2892,urban,medium,-83.56999999999994,-4.59
2000000,PODLASKIE,2024,17128.0,,,,,,,,,,,,,,,,,,,,
2001000,Powiat augustowski,2024,616.0,54022.0,1659.0,32.56,26448.0,27574.0,95.92,8701.0,15408.0,14869.0,-427.0,-0.78,1140.28,11.4,0.1611,0.2852,0.2752,rural,medium,-435.51,-27.64
2002000,Powiat białostocki,2024,1674.0,159170.0,2977.0,53.47,78508.0,80662.0,97.33,24158.0,49047.0,40665.0,1274.0,0.81,1051.71,10.52,0.1518,0.3081,0.2555,rural,very_large,-137.04999999999995,-11.53
2003000,Powiat bielski,2024,584.0,49987.0,1385.0,36.09,24613.0,25374.0,97.0,7244.0,13583.0,13919.0,-609.0,-1.2,1168.3,11.68,0.1449,0.2717,0.2785,rural,medium,-51.16000000000008,-4.2
2004000,Powiat grajewski,2024,487.0,43756.0,967.0,45.25,21582.0,22174.0,97.33,7320.0,12456.0,12124.0,-466.0,-1.05,1112.99,11.13,0.1673,0.2847,0.2771,rural,medium,-203.0999999999999,-15.43
2005000,Powiat hajnowski,2024,327.0,38237.0,1624.0,23.54,18466.0,19771.0,93.4,4974.0,10035.0,11378.0,-580.0,-1.49,855.19,8.55,0.1301,0.2624,0.2976,rural,medium,-304.0999999999999,-26.23
2006000,Powiat kolneński,2024,305.0,35440.0,940.0,37.7,17829.0,17611.0,101.24,6417.0,10003.0,9557.0,-262.0,-0.73,860.61,8.61,0.1811,0.2823,0.2697,rural,medium,-35.69999999999993,-3.98
2007000,Powiat łomżyński,2024,1230.0,49496.0,1355.0,36.53,24970.0,24526.0,101.81,8599.0,14286.0,13032.0,-112.0,-0.23,2485.05,24.85,0.1737,0.2886,0.2633,rural,medium,844.1900000000003,51.45
2008000,Powiat moniecki,2024,757.0,36975.0,1382.0,26.75,18326.0,18649.0,98.27,6010.0,10641.0,10196.0,-383.0,-1.03,2047.33,20.47,0.1625,0.2878,0.2758,rural,medium,965.8999999999999,89.32
2009000,Powiat sejneński,2024,264.0,18434.0,855.0,21.56,9170.0,9264.0,98.99,3000.0,5084.0,5191.0,-211.0,-1.13,1432.14,14.32,0.1627,0.2758,0.2816,rural,small,364.83000000000015,34.18
2010000,Powiat siemiatycki,2024,482.0,40212.0,1459.0,27.56,19673.0,20539.0,95.78,6359.0,10623.0,11722.0,-424.0,-1.04,1198.65,11.99,0.1581,0.2642,0.2915,rural,medium,-127.75999999999999,-9.63
2011000,Powiat sokólski,2024,1143.0,60592.0,2054.0,29.5,29878.0,30714.0,97.28,9489.0,16820.0,17267.0,-654.0,-1.07,1886.39,18.86,0.1566,0.2776,0.285,rural,large,-1542.41,-44.98
2012000,Powiat suwalski,2024,243.0,34585.0,1307.0,26.46,17697.0,16888.0,104.79,6165.0,9617.0,9082.0,-50.0,-0.14,702.62,7.03,0.1783,0.2781,0.2626,rural,medium,-131.79999999999995,-15.8
2013000,Powiat wysokomazowiecki,2024,943.0,52834.0,1289.0,40.99,26497.0,26337.0,100.61,8751.0,14723.0,13850.0,-572.0,-1.07,1784.84,17.85,0.1656,0.2787,0.2621,rural,medium,852.3599999999999,91.41
2014000,Powiat zambrowski,2024,736.0,41109.0,733.0,56.08,20411.0,20698.0,98.61,6720.0,11783.0,11177.0,-261.0,-0.63,1790.36,17.9,0.1635,0.2866,0.2719,rural,medium,383.53999999999996,27.26
2061000,Powiat m. Białystok,2024,4987.0,290386.0,102.0,2846.92,136056.0,154330.0,88.16,42247.0,93061.0,72095.0,-1302.0,-0.45,1717.37,17.17,0.1455,0.3205,0.2483,metro,very_large,-307.0500000000002,-15.17
2062000,Powiat m. Łomża,2024,761.0,59263.0,33.0,1795.85,28144.0,31119.0,90.44,8359.0,18038.0,16425.0,-448.0,-0.75,1284.11,12.84,0.141,0.3044,0.2772,metro,medium,-762.4100000000001,-37.25
2063000,Powiat m. Suwałki,2024,1589.0,68143.0,66.0,1032.47,32533.0,35610.0,91.36,10448.0,20998.0,18055.0,-88.0,-0.13,2331.86,23.32,0.1533,0.3081,0.265,metro,large,-370.7199999999998,-13.72
2200000,POMORSKIE,2024,55120.0,,,,,,,,,,,,,,,,,,,,
2201000,Powiat bytowski,2024,1880.0,76266.0,2192.0,34.79,38041.0,38225.0,99.52,13128.0,22208.0,19121.0,-236.0,-0.31,2465.06,24.65,0.1721,0.2912,0.2507,rural,large,1157.8999999999999,88.58
2202000,Powiat chojnicki,2024,1418.0,95536.0,1364.0,70.04,46964.0,48572.0,96.69,16761.0,27617.0,23633.0,-488.0,-0.51,1484.26,14.84,0.1754,0.2891,0.2474,rural,large,176.25,13.47
2203000,Powiat człuchowski,2024,732.0,52747.0,1575.0,33.49,26012.0,26735.0,97.3,8466.0,15589.0,14181.0,-388.0,-0.73,1387.76,13.88,0.1605,0.2955,0.2688,rural,medium,-35.02999999999997,-2.46
2204000,Powiat gdański,2024,1956.0,133490.0,794.0,168.12,65734.0,67756.0,97.02,21843.0,45703.0,28999.0,1762.0,1.34,1465.28,14.65,0.1636,0.3424,0.2172,suburban,very_large,-665.6299999999999,-31.24
2205000,Powiat kartuski,2024,2047.0,155382.0,1120.0,138.73,77575.0,77807.0,99.7,28045.0,47507.0,32584.0,1569.0,1.02,1317.4,13.17,0.1805,0.3057,0.2097,suburban,very_large,-2282.43,-63.4
2206000,Powiat kościerski,2024,1062.0,72113.0,1166.0,61.85,35863.0,36250.0,98.93,13058.0,20752.0,17348.0,-89.0,-0.12,1472.69,14.73,0.1811,0.2878,0.2406,rural,large,-30.039999999999964,-2.0
2207000,Powiat kwidzyński,2024,1441.0,79612.0,835.0,95.34,39244.0,40368.0,97.22,13619.0,24469.0,20119.0,-534.0,-0.67,1810.03,18.1,0.1711,0.3074,0.2527,rural,large,267.8399999999999,17.37
2208000,Powiat lęborski,2024,1312.0,63448.0,708.0,89.62,30922.0,32526.0,95.07,10539.0,18635.0,16131.0,-229.0,-0.36,2067.84,20.68,0.1661,0.2937,0.2542,rural,large,118.94000000000005,6.1
2209000,Powiat malborski,2024,932.0,60351.0,494.0,122.17,29340.0,31011.0,94.61,9589.0,17994.0,16113.0,-296.0,-0.49,1544.3,15.44,0.1589,0.2982,0.267,suburban,large,-248.03999999999996,-13.84
2210000,Powiat nowodworski,2024,770.0,33392.0,914.0,36.53,16536.0,16856.0,98.1,5533.0,9937.0,8979.0,-234.0,-0.7,2305.94,23.06,0.1657,0.2976,0.2689,rural,medium,-322.98,-12.29
2211000,Powiat pucki,2024,1227.0,92383.0,868.0,106.43,45519.0,46864.0,97.13,15802.0,28731.0,22302.0,719.0,0.78,1328.17,13.28,0.171,0.311,0.2414,suburban,large,-232.97000000000003,-14.92
2212000,Powiat słupski,2024,1366.0,95888.0,2300.0,41.69,47834.0,48054.0,99.54,15592.0,29206.0,25125.0,-405.0,-0.42,1424.58,14.25,0.1626,0.3046,0.262,rural,large,-172.6300000000001,-10.81
2213000,Powiat starogardzki,2024,2228.0,124774.0,1346.0,92.7,61505.0,63269.0,97.21,21420.0,37471.0,30921.0,-351.0,-0.28,1785.63,17.86,0.1717,0.3003,0.2478,rural,very_large,159.26000000000022,9.79
2214000,Powiat tczewski,2024,2536.0,110511.0,697.0,158.55,54030.0,56481.0,95.66,18515.0,33484.0,27835.0,-726.0,-0.65,2294.79,22.95,0.1675,0.303,0.2519,suburban,very_large,308.03999999999996,15.5
2215000,Powiat wejherowski,2024,3911.0,230818.0,1288.0,179.21,113724.0,117094.0,97.12,39345.0,73128.0,52744.0,1372.0,0.6,1694.41,16.94,0.1705,0.3168,0.2285,suburban,very_large,-58.50999999999999,-3.34
2216000,Powiat sztumski,2024,403.0,37836.0,731.0,51.76,18833.0,19003.0,99.11,6355.0,11179.0,10290.0,-505.0,-1.32,1065.12,10.65,0.168,0.2955,0.272,rural,medium,84.44999999999993,8.61
2261000,Powiat m. Gdańsk,2024,17596.0,488651.0,683.0,715.45,231144.0,257507.0,89.76,73398.0,167763.0,105773.0,1280.0,0.26,3600.93,36.01,0.1502,0.3433,0.2165,urban,very_large,391.4699999999998,12.2
2262000,Powiat m. Gdynia,2024,8619.0,240084.0,391.0,614.03,112733.0,127351.0,88.52,33219.0,76745.0,58396.0,-1105.0,-0.46,3589.99,35.9,0.1384,0.3197,0.2432,urban,very_large,1323.7199999999998,58.41
2263000,Powiat m. Słupsk,2024,2453.0,84767.0,53.0,1599.38,39366.0,45401.0,86.71,11311.0,25462.0,22785.0,-737.0,-0.86,2893.81,28.94,0.1334,0.3004,0.2688,metro,large,-197.26999999999998,-6.38
2264000,Powiat m. Sopot,2024,1231.0,31444.0,28.0,1123.0,14418.0,17026.0,84.68,4005.0,9057.0,8076.0,-459.0,-1.44,3914.9,39.15,0.1274,0.288,0.2568,metro,medium,-1548.5399999999995,-28.34
2400000,ŚLĄSKIE,2024,106369.0,,,,,,,,,,,,,,,,,,,,
2401000,Powiat będziński,2024,3891.0,143640.0,364.0,394.62,68633.0,75007.0,91.5,19323.0,43457.0,39122.0,-1045.0,-0.72,2708.86,27.09,0.1345,0.3025,0.2724,urban,very_large,-1019.2399999999998,-27.34
2402000,Powiat bielski,2024,1946.0,165708.0,458.0,361.81,81032.0,84676.0,95.7,25675.0,50219.0,42009.0,-116.0,-0.07,1174.35,11.74,0.1549,0.3031,0.2535,urban,very_large,-52.25,-4.26
2403000,Powiat cieszyński,2024,3035.0,173694.0,730.0,237.94,84213.0,89481.0,94.11,26841.0,50663.0,45214.0,-1100.0,-0.63,1747.33,17.47,0.1545,0.2917,0.2603,suburban,very_large,-276.19000000000005,-13.65
2404000,Powiat częstochowski,2024,1760.0,131042.0,1522.0,86.1,64268.0,66774.0,96.25,19743.0,38336.0,36618.0,-527.0,-0.4,1343.08,13.43,0.1507,0.2925,0.2794,rural,very_large,397.56999999999994,42.05
2405000,Powiat gliwicki,2024,2469.0,112952.0,665.0,169.85,54786.0,58166.0,94.19,16291.0,34675.0,30143.0,-228.0,-0.2,2185.88,21.86,0.1442,0.307,0.2669,suburban,very_large,613.1600000000001,38.99
2406000,Powiat kłobucki,2024,884.0,81495.0,889.0,91.67,40094.0,41401.0,96.84,12716.0,23508.0,22570.0,-469.0,-0.57,1084.73,10.85,0.156,0.2885,0.2769,rural,large,-270.74,-19.97
2407000,Powiat lubliniecki,2024,1006.0,74419.0,822.0,90.53,36632.0,37787.0,96.94,11224.0,22429.0,20288.0,-468.0,-0.62,1351.81,13.52,0.1508,0.3014,0.2726,rural,large,-728.6599999999999,-35.02
2408000,Powiat mikołowski,2024,2456.0,100019.0,233.0,429.27,48679.0,51340.0,94.82,14739.0,31189.0,25422.0,17.0,0.02,2455.53,24.56,0.1474,0.3118,0.2542,urban,very_large,-45.41999999999962,-1.82
2409000,Powiat myszkowski,2024,2374.0,67049.0,479.0,139.98,32210.0,34839.0,92.45,9723.0,19218.0,18818.0,-524.0,-0.78,3540.69,35.41,0.145,0.2866,0.2807,suburban,large,1129.96,46.87
2410000,Powiat pszczyński,2024,1552.0,110722.0,471.0,235.08,54149.0,56573.0,95.72,17879.0,33558.0,28638.0,-55.0,-0.05,1401.71,14.02,0.1615,0.3031,0.2586,suburban,very_large,-528.29,-27.37
2411000,Powiat raciborski,2024,2611.0,98665.0,544.0,181.37,47462.0,51203.0,92.69,13856.0,29875.0,28005.0,-667.0,-0.67,2646.33,26.46,0.1404,0.3028,0.2838,suburban,large,-224.8499999999999,-7.83
2412000,Powiat rybnicki,2024,792.0,76250.0,224.0,340.4,37346.0,38904.0,96.0,11767.0,23248.0,19815.0,-416.0,-0.54,1038.69,10.39,0.1543,0.3049,0.2599,urban,large,-476.98,-31.47
2413000,Powiat tarnogórski,2024,2866.0,138856.0,644.0,215.61,67128.0,71728.0,93.59,19396.0,42796.0,36851.0,-304.0,-0.22,2064.01,20.64,0.1397,0.3082,0.2654,suburban,very_large,470.8800000000001,29.56
2414000,Powiat bieruńsko-lędziński,2024,945.0,59400.0,158.0,375.95,29260.0,30140.0,97.08,9050.0,18158.0,15675.0,-43.0,-0.07,1590.91,15.91,0.1524,0.3057,0.2639,urban,medium,221.52999999999997,16.18
2415000,Powiat wodzisławski,2024,3826.0,149463.0,287.0,520.78,72524.0,76939.0,94.26,22370.0,44264.0,39911.0,-806.0,-0.54,2559.83,25.6,0.1497,0.2962,0.267,urban,very_large,466.25,22.27
2416000,Powiat zawierciański,2024,1996.0,110383.0,1004.0,109.94,53316.0,57067.0,93.43,15638.0,31502.0,31094.0,-1245.0,-1.12,1808.25,18.08,0.1417,0.2854,0.2817,suburban,very_large,-331.0,-15.47
2417000,Powiat żywiecki,2024,3473.0,148090.0,1040.0,142.39,72377.0,75713.0,95.59,24109.0,43612.0,38777.0,-739.0,-0.5,2345.2,23.45,0.1628,0.2945,0.2618,suburban,very_large,394.6399999999999,20.23
2461000,Powiat m. Bielsko-Biała,2024,4192.0,164318.0,124.0,1325.15,77707.0,86611.0,89.72,21864.0,50853.0,40970.0,-1448.0,-0.87,2551.15,25.51,0.1331,0.3095,0.2493,metro,very_large,4.190000000000055,0.16
2462000,Powiat m. Bytom,2024,3445.0,146290.0,69.0,2120.14,69661.0,76629.0,90.91,20924.0,45258.0,39815.0,-1469.0,-0.99,2354.91,23.55,0.143,0.3094,0.2722,metro,very_large,-220.9100000000003,-8.58
2463000,Powiat m. Chorzów,2024,3598.0,99420.0,33.0,3012.73,47118.0,52302.0,90.09,14708.0,30642.0,25838.0,-1173.0,-1.17,3618.99,36.19,0.1479,0.3082,0.2599,metro,large,571.06,18.74
2464000,Powiat m. Częstochowa,2024,4379.0,203615.0,160.0,1272.59,95098.0,108517.0,87.63,26348.0,59557.0,57215.0,-2354.0,-1.14,2150.63,21.51,0.1294,0.2925,0.281,metro,very_large,29.440000000000055,1.39
2465000,Powiat m. Dąbrowa Górnicza,2024,5001.0,112408.0,189.0,594.75,53499.0,58909.0,90.82,14413.0,34967.0,30434.0,-1052.0,-0.93,4448.97,44.49,0.1282,0.3111,0.2707,urban,very_large,410.5400000000004,10.17
2466000,Powiat m. Gliwice,2024,6032.0,168248.0,134.0,1255.58,80290.0,87958.0,91.28,22032.0,53018.0,43442.0,-1667.0,-0.98,3585.18,35.85,0.1309,0.3151,0.2582,metro,very_large,749.6399999999999,26.44
2467000,Powiat m. Jastrzębie-Zdrój,2024,1594.0,81338.0,85.0,956.92,39329.0,42009.0,93.62,12268.0,23011.0,21865.0,-963.0,-1.17,1959.72,19.6,0.1508,0.2829,0.2688,urban,large,-192.1400000000001,-8.93
2468000,Powiat m. Jaworzno,2024,2720.0,86075.0,152.0,566.28,41517.0,44558.0,93.18,11758.0,26292.0,24313.0,-737.0,-0.85,3160.03,31.6,0.1366,0.3055,0.2825,urban,large,-6438.869999999999,-67.08
2469000,Powiat m. Katowice,2024,12191.0,278885.0,165.0,1690.21,131505.0,147380.0,89.23,38260.0,88796.0,71386.0,-305.0,-0.11,4371.34,43.71,0.1372,0.3184,0.256,metro,very_large,136.23000000000047,3.22
2470000,Powiat m. Mysłowice,2024,1243.0,70741.0,66.0,1071.83,34133.0,36608.0,93.24,9945.0,22186.0,18949.0,-539.0,-0.76,1757.11,17.57,0.1406,0.3136,0.2679,metro,large,-213.99,-10.86
2471000,Powiat m. Piekary Śląskie,2024,964.0,51373.0,40.0,1284.32,24584.0,26789.0,91.77,7163.0,15576.0,14115.0,-334.0,-0.65,1876.47,18.76,0.1394,0.3032,0.2748,metro,medium,-134.8599999999999,-6.71
2472000,Powiat m. Ruda Śląska,2024,2871.0,128793.0,78.0,1651.19,61961.0,66832.0,92.71,18824.0,39623.0,34283.0,-1509.0,-1.16,2229.16,22.29,0.1462,0.3076,0.2662,metro,very_large,-153.0,-6.42
2473000,Powiat m. Rybnik,2024,2867.0,129817.0,148.0,877.14,63084.0,66733.0,94.53,19175.0,39697.0,34336.0,-1070.0,-0.82,2208.49,22.08,0.1477,0.3058,0.2645,urban,very_large,149.45999999999958,7.26
2474000,Powiat m. Siemianowice Śląskie,2024,3747.0,62817.0,26.0,2416.04,29666.0,33151.0,89.49,8349.0,19464.0,16951.0,-584.0,-0.92,5964.95,59.65,0.1329,0.3099,0.2698,metro,large,4239.43,245.69
2475000,Powiat m. Sosnowiec,2024,3771.0,184988.0,91.0,2032.84,86777.0,98211.0,88.36,23608.0,56029.0,50439.0,-2127.0,-1.14,2038.51,20.39,0.1276,0.3029,0.2727,metro,very_large,-8302.19,-80.29
2476000,Powiat m. Świętochłowice,2024,953.0,45021.0,13.0,3463.15,21519.0,23502.0,91.56,6573.0,13860.0,11977.0,-413.0,-0.91,2116.79,21.17,0.146,0.3079,0.266,metro,medium,-1083.46,-33.86
2477000,Powiat m. Tychy,2024,2089.0,121063.0,82.0,1476.38,57907.0,63156.0,91.69,15925.0,38972.0,30850.0,-982.0,-0.8,1725.55,17.26,0.1315,0.3219,0.2548,metro,very_large,-573.6000000000001,-24.95
2478000,Powiat m. Zabrze,2024,3529.0,152461.0,80.0,1905.76,73297.0,79164.0,92.59,21552.0,46038.0,42739.0,-1377.0,-0.9,2314.69,23.15,0.1414,0.302,0.2803,metro,very_large,157.23000000000002,7.29
2479000,Powiat m. Żory,2024,3301.0,61923.0,65.0,952.66,30088.0,31835.0,94.51,9294.0,20222.0,14242.0,149.0,0.24,5330.81,53.31,0.1501,0.3266,0.23,urban,large,3108.1900000000005,139.84
2600000,ŚWIĘTOKRZYSKIE,2024,17530.0,,,,,,,,,,,,,,,,,,,,
2601000,Powiat buski,2024,636.0,67157.0,968.0,69.38,32870.0,34287.0,95.87,9981.0,19101.0,18583.0,-660.0,-0.97,947.03,9.47,0.1486,0.2844,0.2767,rural,large,-760.51,-44.54
2602000,Powiat jędrzejowski,2024,1080.0,80365.0,1257.0,63.93,39629.0,40736.0,97.28,12827.0,23199.0,20815.0,-692.0,-0.85,1343.87,13.44,0.1596,0.2887,0.259,rural,large,194.05999999999995,16.88
2603000,Powiat kazimierski,2024,330.0,31373.0,422.0,74.34,15416.0,15957.0,96.61,4675.0,9077.0,8766.0,-320.0,-1.01,1051.86,10.52,0.149,0.2893,0.2794,rural,medium,124.20999999999992,13.39
2604000,Powiat kielecki,2024,1876.0,211645.0,2246.0,94.23,105326.0,106319.0,99.07,35376.0,64788.0,53767.0,-119.0,-0.06,886.39,8.86,0.1671,0.3061,0.254,rural,very_large,-53.81000000000006,-5.72
2605000,Powiat konecki,2024,983.0,72810.0,1140.0,63.87,35788.0,37022.0,96.67,11043.0,20135.0,20545.0,-931.0,-1.26,1350.09,13.5,0.1517,0.2765,0.2822,rural,large,90.27999999999997,7.17
2606000,Powiat opatowski,2024,428.0,47876.0,911.0,52.55,23685.0,24191.0,97.91,7566.0,13478.0,13401.0,-518.0,-1.07,893.98,8.94,0.158,0.2815,0.2799,rural,medium,-97.88,-9.87
2607000,Powiat ostrowiecki,2024,1664.0,98766.0,617.0,160.07,47070.0,51696.0,91.05,14048.0,27458.0,28616.0,-1292.0,-1.29,1684.79,16.85,0.1422,0.278,0.2897,suburban,large,462.5,37.84
2608000,Powiat pińczowski,2024,325.0,36283.0,613.0,59.19,17863.0,18420.0,96.98,5480.0,10014.0,10033.0,-456.0,-1.24,895.74,8.96,0.151,0.276,0.2765,rural,medium,-149.47000000000003,-14.3
2609000,Powiat sandomierski,2024,1118.0,70999.0,676.0,105.03,34418.0,36581.0,94.09,11070.0,19965.0,19671.0,-825.0,-1.15,1574.67,15.75,0.1559,0.2812,0.2771,suburban,large,-207.46000000000004,-11.64
2610000,Powiat skarżyski,2024,1022.0,67152.0,395.0,170.01,32154.0,34998.0,91.87,9144.0,18799.0,19517.0,-951.0,-1.4,1521.92,15.22,0.1362,0.2799,0.2906,suburban,large,-1787.77,-54.02
2611000,Powiat starachowicki,2024,1812.0,82681.0,523.0,158.09,40062.0,42619.0,94.0,12085.0,23587.0,22779.0,-953.0,-1.14,2191.56,21.92,0.1462,0.2853,0.2755,suburban,large,-600.3699999999999,-21.5
2612000,Powiat staszowski,2024,878.0,67817.0,925.0,73.32,33595.0,34222.0,98.17,10857.0,19247.0,18347.0,-631.0,-0.92,1294.66,12.95,0.1601,0.2838,0.2705,rural,large,-869.03,-40.16
2613000,Powiat włoszczowski,2024,494.0,42530.0,906.0,46.94,21139.0,21391.0,98.82,6805.0,12079.0,11357.0,-402.0,-0.94,1161.53,11.62,0.16,0.284,0.267,rural,medium,99.38999999999987,9.36
2661000,Powiat m. Kielce,2024,4884.0,180537.0,110.0,1641.25,83914.0,96623.0,86.85,23220.0,55709.0,45954.0,-1758.0,-0.96,2705.26,27.05,0.1286,0.3086,0.2545,metro,very_large,-22.1899999999996,-0.81
2800000,WARMIŃSKO-MAZURSKIE,2024,26374.0,,,,,,,,,,,,,,,,,,,,
2801000,Powiat bartoszycki,2024,1798.0,52001.0,1307.0,39.79,25314.0,26687.0,94.86,8004.0,14963.0,14882.0,-673.0,-1.28,3457.63,34.58,0.1539,0.2877,0.2862,rural,medium,1999.6100000000001,137.15
2802000,Powiat braniewski,2024,574.0,36812.0,1204.0,30.57,18329.0,18483.0,99.17,5819.0,10630.0,10616.0,-469.0,-1.26,1559.27,15.59,0.1581,0.2888,0.2884,rural,medium,-259.3499999999999,-14.26
2803000,Powiat działdowski,2024,1131.0,61003.0,954.0,63.94,30031.0,30972.0,96.96,10455.0,17387.0,16489.0,-413.0,-0.67,1854.01,18.54,0.1714,0.285,0.2703,rural,large,274.6199999999999,17.39
2804000,Powiat elbląski,2024,542.0,53765.0,1413.0,38.05,26996.0,26769.0,100.85,9194.0,15915.0,14584.0,-377.0,-0.7,1008.09,10.08,0.171,0.296,0.2713,rural,medium,-325.43999999999994,-24.4
2805000,Powiat ełcki,2024,1432.0,87992.0,1113.0,79.06,42984.0,45008.0,95.5,14061.0,28038.0,22395.0,-351.0,-0.4,1627.42,16.27,0.1598,0.3186,0.2545,rural,large,43.820000000000164,2.77
2806000,Powiat giżycki,2024,798.0,53165.0,1120.0,47.47,25979.0,27186.0,95.56,8150.0,15705.0,14837.0,-571.0,-1.06,1500.99,15.01,0.1533,0.2954,0.2791,rural,medium,-192.47000000000003,-11.37
2807000,Powiat iławski,2024,1528.0,89540.0,1385.0,64.65,44141.0,45399.0,97.23,15132.0,26844.0,22734.0,-330.0,-0.37,1706.5,17.06,0.169,0.2998,0.2539,rural,large,156.48000000000002,10.1
2808000,Powiat kętrzyński,2024,646.0,56262.0,1213.0,46.38,27374.0,28888.0,94.76,8473.0,16181.0,16214.0,-783.0,-1.37,1148.2,11.48,0.1506,0.2876,0.2882,rural,medium,-513.6499999999999,-30.91
2809000,Powiat lidzbarski,2024,441.0,37756.0,925.0,40.82,18427.0,19329.0,95.33,5772.0,11076.0,10545.0,-370.0,-0.97,1168.03,11.68,0.1529,0.2934,0.2793,rural,medium,-413.56999999999994,-26.15
2810000,Powiat mrągowski,2024,572.0,47074.0,1065.0,44.2,22923.0,24151.0,94.92,7362.0,14106.0,13443.0,-398.0,-0.84,1215.11,12.15,0.1564,0.2997,0.2856,rural,medium,-3027.3900000000003,-71.36
2811000,Powiat nidzicki,2024,637.0,30207.0,961.0,31.43,14983.0,15224.0,98.42,5258.0,8561.0,8332.0,-253.0,-0.83,2108.78,21.09,0.1741,0.2834,0.2758,rural,medium,-5094.110000000001,-70.72
2812000,Powiat nowomiejski,2024,637.0,41726.0,694.0,60.12,20757.0,20969.0,98.99,7410.0,11967.0,10493.0,-238.0,-0.57,1526.63,15.27,0.1776,0.2868,0.2515,rural,medium,-41.37999999999988,-2.64
2813000,Powiat olecki,2024,937.0,31717.0,874.0,36.29,15755.0,15962.0,98.7,5290.0,9458.0,8281.0,-279.0,-0.87,2954.25,29.54,0.1668,0.2982,0.2611,rural,medium,1013.3800000000001,52.21
2814000,Powiat olsztyński,2024,1616.0,130560.0,2838.0,46.0,64332.0,66228.0,97.14,20755.0,41645.0,33865.0,646.0,0.5,1237.75,12.38,0.159,0.319,0.2594,rural,very_large,-156.25,-11.21
2815000,Powiat ostródzki,2024,1641.0,98242.0,1767.0,55.6,48298.0,49944.0,96.7,15995.0,29045.0,26404.0,-827.0,-0.83,1670.37,16.7,0.1628,0.2956,0.2688,rural,large,62.399999999999864,3.88
2816000,Powiat piski,2024,875.0,51550.0,1775.0,29.04,25601.0,25949.0,98.66,8648.0,14839.0,14112.0,-419.0,-0.81,1697.38,16.97,0.1678,0.2879,0.2738,rural,medium,-136.40999999999985,-7.44
2817000,Powiat szczycieński,2024,936.0,66133.0,1933.0,34.21,32691.0,33442.0,97.75,11044.0,19309.0,18101.0,-402.0,-0.6,1415.33,14.15,0.167,0.292,0.2737,rural,large,-132.73000000000002,-8.57
2818000,Powiat gołdapski,2024,417.0,24612.0,772.0,31.88,12161.0,12451.0,97.67,4108.0,7282.0,6527.0,-248.0,-1.0,1694.3,16.94,0.1669,0.2959,0.2652,rural,small,-1395.0000000000002,-45.16
2819000,Powiat węgorzewski,2024,294.0,20611.0,693.0,29.74,10270.0,10341.0,99.31,3072.0,5853.0,5958.0,-193.0,-0.93,1426.42,14.26,0.149,0.284,0.2891,rural,small,-140.58999999999992,-8.97
2861000,Powiat m. Elbląg,2024,2748.0,112052.0,80.0,1400.65,53318.0,58734.0,90.78,16070.0,34163.0,30105.0,-871.0,-0.77,2452.43,24.52,0.1434,0.3049,0.2687,metro,very_large,188.94000000000005,8.35
2862000,Powiat m. Olsztyn,2024,6174.0,166392.0,88.0,1890.82,77391.0,89001.0,86.96,23595.0,53736.0,41014.0,-919.0,-0.55,3710.51,37.11,0.1418,0.3229,0.2465,metro,very_large,1775.7900000000002,91.79
3000000,WIELKOPOLSKIE,2024,58922.0,,,,,,,,,,,,,,,,,,,,
3001000,Powiat chodzieski,2024,641.0,44876.0,685.0,65.51,21951.0,22925.0,95.75,7479.0,13631.0,11488.0,-330.0,-0.73,1428.38,14.28,0.1667,0.3037,0.256,rural,medium,83.43000000000006,6.2
3002000,Powiat czarnkowsko-trzcianecki,2024,1105.0,82852.0,1808.0,45.83,41144.0,41708.0,98.65,13894.0,24194.0,21524.0,-590.0,-0.71,1333.7,13.34,0.1677,0.292,0.2598,rural,large,-69.66999999999985,-4.96
3003000,Powiat gnieźnieński,2024,2157.0,140653.0,1255.0,112.07,68665.0,71988.0,95.38,22532.0,42332.0,35061.0,-650.0,-0.46,1533.56,15.34,0.1602,0.301,0.2493,suburban,very_large,-620.6799999999998,-28.81
3004000,Powiat gostyński,2024,581.0,72977.0,810.0,90.1,36215.0,36762.0,98.51,11729.0,21795.0,18495.0,-539.0,-0.73,796.14,7.96,0.1607,0.2987,0.2534,rural,large,-619.88,-43.78
3005000,Powiat grodziski,2024,582.0,51541.0,644.0,80.03,25603.0,25938.0,98.71,8998.0,15681.0,12291.0,-19.0,-0.04,1129.2,11.29,0.1746,0.3042,0.2385,rural,medium,-420.45000000000005,-27.13
3006000,Powiat jarociński,2024,775.0,69540.0,588.0,118.27,33791.0,35749.0,94.52,11536.0,20514.0,17556.0,-209.0,-0.3,1114.47,11.14,0.1659,0.295,0.2525,suburban,large,-266.19000000000005,-19.28
3007000,Powiat kaliski,2024,505.0,81950.0,1160.0,70.65,40298.0,41652.0,96.75,13625.0,23829.0,21201.0,-265.0,-0.32,616.23,6.16,0.1663,0.2908,0.2587,rural,large,-321.55999999999995,-34.29
3008000,Powiat kępiński,2024,1048.0,55762.0,608.0,91.71,27571.0,28191.0,97.8,9157.0,17068.0,13921.0,-162.0,-0.29,1879.42,18.79,0.1642,0.3061,0.2497,rural,medium,-151.90999999999985,-7.48
3009000,Powiat kolski,2024,1364.0,80743.0,1011.0,79.86,39512.0,41231.0,95.83,13052.0,22939.0,21708.0,-819.0,-1.0,1689.31,16.89,0.1616,0.2841,0.2689,rural,large,447.30999999999995,36.02
3010000,Powiat koniński,2024,1009.0,128469.0,1578.0,81.41,63874.0,64595.0,98.88,22352.0,38440.0,33316.0,-368.0,-0.29,785.4,7.85,0.174,0.2992,0.2593,rural,very_large,-136.70000000000005,-14.82
3011000,Powiat kościański,2024,841.0,76875.0,722.0,106.48,37691.0,39184.0,96.19,12161.0,22976.0,19578.0,-364.0,-0.47,1093.98,10.94,0.1582,0.2989,0.2547,suburban,large,-265.44000000000005,-19.53
3012000,Powiat krotoszyński,2024,1848.0,74463.0,714.0,104.29,36552.0,37911.0,96.42,12366.0,21962.0,18784.0,-458.0,-0.61,2481.77,24.82,0.1661,0.2949,0.2523,suburban,large,431.6100000000001,21.05
3013000,Powiat leszczyński,2024,517.0,60562.0,806.0,75.14,30094.0,30468.0,98.77,10287.0,19194.0,13861.0,545.0,0.91,853.67,8.54,0.1699,0.3169,0.2289,rural,large,220.51999999999998,34.83
3014000,Powiat międzychodzki,2024,453.0,35485.0,736.0,48.21,17628.0,17857.0,98.72,5833.0,10471.0,8980.0,-108.0,-0.3,1276.6,12.77,0.1644,0.2951,0.2531,rural,medium,-209.6500000000001,-14.11
3015000,Powiat nowotomyski,2024,2530.0,75015.0,1012.0,74.13,36935.0,38080.0,96.99,12637.0,22984.0,17950.0,-163.0,-0.22,3372.66,33.73,0.1685,0.3064,0.2393,rural,large,1265.6599999999999,60.07
3016000,Powiat obornicki,2024,848.0,58657.0,711.0,82.5,29000.0,29657.0,97.78,9733.0,18192.0,14132.0,-155.0,-0.26,1445.69,14.46,0.1659,0.3101,0.2409,rural,medium,-249.53999999999996,-14.72
3017000,Powiat ostrowski,2024,2520.0,157734.0,1160.0,135.98,76979.0,80755.0,95.32,24492.0,47440.0,40522.0,-752.0,-0.47,1597.63,15.98,0.1553,0.3008,0.2569,suburban,very_large,-360.27,-18.4
3018000,Powiat ostrzeszowski,2024,647.0,54319.0,773.0,70.27,26749.0,27570.0,97.02,9051.0,16029.0,13675.0,-247.0,-0.45,1191.11,11.91,0.1666,0.2951,0.2518,rural,medium,-240.18000000000006,-16.78
3019000,Powiat pilski,2024,2255.0,129629.0,1266.0,102.39,63193.0,66436.0,95.12,20464.0,39075.0,33979.0,-896.0,-0.69,1739.58,17.4,0.1579,0.3014,0.2621,suburban,very_large,39.51999999999998,2.32
3020000,Powiat pleszewski,2024,1108.0,60871.0,713.0,85.37,30105.0,30766.0,97.85,10140.0,17879.0,15453.0,-380.0,-0.62,1820.24,18.2,0.1666,0.2937,0.2539,rural,large,-736.45,-28.8
3021000,Powiat poznański,2024,5363.0,454283.0,1900.0,239.1,221201.0,233082.0,94.9,69775.0,155740.0,99446.0,5620.0,1.25,1180.54,11.81,0.1536,0.3428,0.2189,suburban,very_large,-199.11000000000013,-14.43
3022000,Powiat rawicki,2024,1032.0,58338.0,553.0,105.49,28761.0,29577.0,97.24,9714.0,17667.0,14218.0,-263.0,-0.45,1769.0,17.69,0.1665,0.3028,0.2437,suburban,medium,19.88000000000011,1.14
3023000,Powiat słupecki,2024,416.0,56994.0,838.0,68.01,28279.0,28715.0,98.48,9314.0,16784.0,14792.0,-270.0,-0.47,729.9,7.3,0.1634,0.2945,0.2595,rural,medium,-106.58000000000004,-12.74
3024000,Powiat szamotulski,2024,1311.0,91631.0,1119.0,81.89,44831.0,46800.0,95.79,14677.0,28605.0,22324.0,-28.0,-0.03,1430.74,14.31,0.1602,0.3122,0.2436,rural,large,37.52999999999997,2.69
3025000,Powiat średzki,2024,830.0,60058.0,623.0,96.4,29533.0,30525.0,96.75,9561.0,18615.0,14398.0,104.0,0.17,1382.0,13.82,0.1592,0.31,0.2397,rural,large,15.950000000000045,1.17
3026000,Powiat śremski,2024,1052.0,60939.0,574.0,106.17,29783.0,31156.0,95.59,10020.0,18470.0,15055.0,-105.0,-0.17,1726.32,17.26,0.1644,0.3031,0.2471,suburban,large,654.96,61.13
3027000,Powiat turecki,2024,1018.0,80513.0,930.0,86.57,39265.0,41248.0,95.19,13100.0,23776.0,21007.0,-477.0,-0.59,1264.39,12.64,0.1627,0.2953,0.2609,rural,large,-64.16999999999985,-4.83
3028000,Powiat wągrowiecki,2024,971.0,68899.0,1040.0,66.25,34065.0,34834.0,97.79,11847.0,20861.0,16977.0,-108.0,-0.16,1409.31,14.09,0.1719,0.3028,0.2464,rural,large,83.3599999999999,6.29
3029000,Powiat wolsztyński,2024,487.0,56446.0,680.0,83.01,27625.0,28821.0,95.85,9677.0,16715.0,13657.0,-226.0,-0.4,862.77,8.63,0.1714,0.2961,0.2419,rural,medium,-77.73000000000002,-8.26
3030000,Powiat wrzesiński,2024,1542.0,78199.0,704.0,111.08,38214.0,39985.0,95.57,12648.0,24469.0,19004.0,-24.0,-0.03,1971.89,19.72,0.1617,0.3129,0.243,suburban,large,607.8400000000001,44.56
3031000,Powiat złotowski,2024,1000.0,66975.0,1661.0,40.32,33022.0,33953.0,97.26,11192.0,20414.0,17102.0,-326.0,-0.48,1493.09,14.93,0.1671,0.3048,0.2553,rural,large,163.24,12.28
3061000,Powiat m. Kalisz,2024,3059.0,91963.0,69.0,1332.8,42643.0,49320.0,86.46,13106.0,26179.0,24659.0,-1174.0,-1.26,3326.34,33.26,0.1425,0.2847,0.2681,metro,large,1207.96,57.02
3062000,Powiat m. Konin,2024,2929.0,66103.0,82.0,806.13,30874.0,35229.0,87.64,8917.0,18530.0,18526.0,-963.0,-1.44,4430.96,44.31,0.1349,0.2803,0.2803,urban,large,250.0,5.98
3063000,Powiat m. Leszno,2024,2380.0,59521.0,32.0,1860.03,28130.0,31391.0,89.61,8820.0,17636.0,15354.0,-530.0,-0.88,3998.59,39.99,0.1482,0.2963,0.258,metro,medium,1210.96,43.44
3064000,Powiat m. Poznań,2024,12198.0,536151.0,262.0,2046.38,250267.0,285884.0,87.54,82196.0,185399.0,115041.0,-2288.0,-0.42,2275.11,22.75,0.1533,0.3458,0.2146,metro,very_large,-404.6700000000001,-15.1
3200000,ZACHODNIOPOMORSKIE,2024,29567.0,,,,,,,,,,,,,,,,,,,,
3201000,Powiat białogardzki,2024,625.0,43964.0,845.0,52.03,21555.0,22409.0,96.19,6964.0,13239.0,11857.0,-409.0,-0.92,1421.62,14.22,0.1584,0.3011,0.2697,rural,medium,-200.99,-12.39
3202000,Powiat choszczeński,2024,992.0,44105.0,1328.0,33.21,21827.0,22278.0,97.98,6997.0,12830.0,12103.0,-317.0,-0.71,2249.18,22.49,0.1586,0.2909,0.2744,rural,medium,470.77999999999975,26.47
3203000,Powiat drawski,2024,846.0,53003.0,1761.0,30.1,25983.0,27020.0,96.16,8283.0,15621.0,14335.0,-513.0,-0.96,1596.14,15.96,0.1563,0.2947,0.2705,rural,medium,58.2800000000002,3.79
3204000,Powiat goleniowski,2024,2136.0,81118.0,1615.0,50.23,39989.0,41129.0,97.23,12870.0,24945.0,21036.0,-245.0,-0.3,2633.2,26.33,0.1587,0.3075,0.2593,rural,large,712.1799999999998,37.07
3205000,Powiat gryficki,2024,1068.0,56095.0,1021.0,54.94,27697.0,28398.0,97.53,8860.0,16697.0,15347.0,-340.0,-0.6,1903.91,19.04,0.1579,0.2977,0.2736,rural,medium,-514.8,-21.28
3206000,Powiat gryfiński,2024,1407.0,76489.0,1869.0,40.93,37778.0,38711.0,97.59,12252.0,22781.0,20929.0,-470.0,-0.61,1839.48,18.39,0.1602,0.2978,0.2736,rural,large,87.90000000000009,5.02
3207000,Powiat kamieński,2024,753.0,43773.0,1008.0,43.43,21356.0,22417.0,95.27,6221.0,13047.0,12400.0,-364.0,-0.82,1720.24,17.2,0.1421,0.2981,0.2833,rural,medium,-44.72000000000003,-2.53
3208000,Powiat kołobrzeski,2024,1114.0,76390.0,728.0,104.93,36387.0,40003.0,90.96,10869.0,22398.0,21592.0,-331.0,-0.43,1458.31,14.58,0.1423,0.2932,0.2827,suburban,large,-702.77,-32.52
3209000,Powiat koszaliński,2024,673.0,64359.0,1648.0,39.05,32039.0,32320.0,99.13,10260.0,19953.0,17441.0,-91.0,-0.14,1045.7,10.46,0.1594,0.31,0.271,rural,large,-723.1099999999999,-40.88
3210000,Powiat myśliborski,2024,1056.0,61756.0,1182.0,52.25,30308.0,31448.0,96.37,9692.0,18552.0,16553.0,-468.0,-0.75,1709.96,17.1,0.1569,0.3004,0.268,rural,large,305.3600000000001,21.74
3211000,Powiat policki,2024,801.0,86834.0,664.0,130.77,42451.0,44383.0,95.65,13408.0,28533.0,21985.0,917.0,1.07,922.45,9.22,0.1544,0.3286,0.2532,suburban,large,-151.83999999999992,-14.13
3212000,Powiat pyrzycki,2024,529.0,35991.0,726.0,49.57,17896.0,18095.0,98.9,5689.0,10398.0,9831.0,-422.0,-1.16,1469.81,14.7,0.1581,0.2889,0.2732,rural,medium,132.37999999999988,9.9
3213000,Powiat sławieński,2024,653.0,52394.0,1043.0,50.23,25537.0,26857.0,95.09,8224.0,15509.0,14238.0,-509.0,-0.96,1246.33,12.46,0.157,0.296,0.2717,rural,medium,-5.019999999999982,-0.4
3214000,Powiat stargardzki,2024,1635.0,118844.0,1523.0,78.03,58243.0,60601.0,96.11,17811.0,37002.0,30660.0,-246.0,-0.21,1375.75,13.76,0.1499,0.3113,0.258,rural,very_large,-176.01999999999998,-11.34
3215000,Powiat szczecinecki,2024,927.0,72023.0,1766.0,40.78,35042.0,36981.0,94.76,11096.0,20875.0,19743.0,-694.0,-0.95,1287.09,12.87,0.1541,0.2898,0.2741,rural,large,-28.970000000000027,-2.2
3216000,Powiat świdwiński,2024,852.0,42754.0,1093.0,39.12,21006.0,21748.0,96.59,6691.0,12415.0,11879.0,-483.0,-1.12,1992.8,19.93,0.1565,0.2904,0.2778,rural,medium,688.3599999999999,52.77
3217000,Powiat wałecki,2024,709.0,49384.0,1415.0,34.9,24052.0,25332.0,94.95,7862.0,14660.0,13303.0,-619.0,-1.24,1435.69,14.36,0.1592,0.2969,0.2694,rural,medium,-448.20000000000005,-23.79
3218000,Powiat łobeski,2024,565.0,32974.0,1065.0,30.96,16350.0,16624.0,98.35,5193.0,9475.0,9122.0,-420.0,-1.26,1713.47,17.13,0.1575,0.2873,0.2766,rural,medium,-221.01,-11.42
3261000,Powiat m. Koszalin,2024,3304.0,105263.0,106.0,993.05,49460.0,55803.0,88.63,13657.0,32820.0,26442.0,-277.0,-0.26,3138.8,31.39,0.1297,0.3118,0.2512,urban,very_large,679.0700000000002,27.61
3262000,Powiat m. Szczecin,2024,8272.0,386706.0,301.0,1284.74,182957.0,203749.0,89.8,53775.0,124853.0,95432.0,-2360.0,-0.61,2139.09,21.39,0.1391,0.3229,0.2468,metro,very_large,-552.48,-20.53
3263000,Powiat m. Świnoujście,2024,650.0,38541.0,202.0,190.8,18431.0,20110.0,91.65,4684.0,11588.0,11036.0,-363.0,-0.93,1686.52,16.87,0.1215,0.3007,0.2863,suburban,medium,-213.02999999999997,-11.21
